Year-Month,Date,Temp Out,Hi Temp,Low Temp,Out Hum,Dew Pt.,Wind Speed,Wind Run,Hi Speed,Wind Chill,Heat Index,THW Index,Bar,Rain,Rain Rate,Solar Rad.,Solar Energy,Hi Solar Rad.,Heat D-D,Cool D-D,In Temp,In Hum,In Dew,In Heat,ET,Wind Samp,ISS Recept,Arc. Int.
2009-07,2009-07-18 00:00:00,5.739338432635534,5.898687153336912,5.577572016460905,58.374932903918406,-2.7149512435140455,4.835297011987833,0.8069764269100018,10.874400608337806,5.105373277867239,5.116464260153873,4.4822709787081765,767.4250995258544,0.001388888888888889,0.00889917695473251,94.62434022186437,1.3564956834854176,102.91293165145822,0.08757285516192521,0.00010242216854535695,7.883597244587583,53.65905126140633,-1.0968297101449276,7.272824968688496,0.013638620504562535,221.32675791733763,96.98207640007158,10.0
2009-08,2009-08-16 00:00:00,9.385439068100359,9.538463261648745,9.232056451612904,57.91980286738352,0.46991487455197134,3.9337365591397853,0.6572043010752688,9.174417562724013,9.050492831541218,8.655174731182795,8.320497311827957,763.7107526881721,0.002912186379928316,0.0070340501792114695,94.72155017921148,1.3577979390681003,107.28517025089606,0.0639426523297491,0.0017954749103942652,11.297199820788531,53.02732974910394,1.8069892473118279,10.516801075268816,0.014556451612903224,221.14068100358423,96.875,10.0
2009-09,2009-09-15 12:00:00,10.489282407407408,10.65962962962963,10.321597222222222,52.20324074074074,-0.142037037037037,4.350393518518518,0.7262523148148148,10.537175925925927,10.226458333333333,9.522546296296296,9.259282407407406,767.3199305555555,0.0005555555555555557,0.0,161.62106481481482,2.316951388888889,182.34305555555557,0.05651921296296296,0.002048148148148148,13.55574074074074,45.39976851851852,1.626087962962963,12.420810185185186,0.021592592592592594,220.99050925925926,96.81481481481481,10.0
2009-10,2009-10-16 00:00:00,14.77168458781362,14.950716845878137,14.595407706093189,41.81025985663083,0.5911738351254481,6.364493727598566,1.0619511648745519,15.187679211469533,14.387275985663084,13.497244623655913,13.111872759856631,761.4950716845879,4.4802867383512545e-05,0.0,222.04413082437276,3.183082437275986,248.52979390681006,0.0335676523297491,0.00883826164874552,18.073835125448028,34.23521505376344,1.829883512544803,16.528001792114694,0.0331339605734767,221.91823476702507,97.18086917562725,10.0
2009-11,2009-11-15 12:00:00,16.42729066022544,16.589300523349436,16.263044484702093,41.456833735909825,2.135473027375201,6.704969806763285,1.1190175120772947,16.582897544283416,16.08225040257649,15.141669685990339,14.796191626409017,759.7355213365539,0.005092592592592593,0.013333333333333332,284.81623389694045,4.082890801127214,314.493115942029,0.022522785829307567,0.009284722222222224,20.248251811594205,34.58215579710145,3.7061926328502413,18.813254830917874,0.039477254428341386,223.1400966183575,97.67863526570048,10.0
2009-12,2009-12-16 00:00:00,20.13458756927046,20.323022144784353,19.945063300680648,45.891341650347215,6.875381350253571,4.201198170934775,0.7015534512406888,11.595773069991868,20.06027319227398,19.248933322252878,19.175008794520267,760.6685097376204,0.0020725483567652085,0.02084303820631438,306.30014316280375,4.390866022768932,335.97117528382654,0.013191684049317297,0.02565936612601757,24.965827671321026,35.77415323339224,8.379208807160365,24.060190843291362,0.04084861493779516,223.3013494505559,97.71340414834809,10.0
2010-01,2010-01-16 00:00:00,15.519253797855002,15.679427134036182,15.359878573197651,54.647326407455296,4.970002664069255,2.9541007574916085,0.4936151184655062,8.502736501243835,15.384698598435048,14.82879662933073,14.694322653930762,762.0737955937456,0.011414954738757348,0.30519332581208836,174.21325425653177,2.4973814543064394,190.19526217449442,0.03665765995016704,0.016804429287511573,20.199047154123438,41.95437585752802,6.0679803765216676,19.366603735259126,0.023448170788648894,224.6329302941041,97.55415380942249,10.0
2010-02,2010-02-14 12:00:00,17.16126449943128,17.345704240858968,16.978228554524968,50.44596413121779,5.297872462014213,3.6427674325713064,0.6085345759115193,10.083508254071289,17.04242257434366,16.33654016710705,16.217567928897804,758.4999310341633,0.011662874193105039,2.3738726184845267,230.2305393250663,3.3003851138950426,247.2221130004655,0.027364384206239833,0.019051233988872315,19.635999909090827,43.499098480723156,5.866034932259312,18.734372431458983,0.031365298293409845,223.97261027805527,97.65384496258025,10.0
2010-03,2010-03-16 00:00:00,19.2925873540425,19.465813719872468,19.117658057316934,60.93407763814816,10.547203761135655,3.275744847956115,0.547336996895656,9.411836144129529,19.2151902439841,19.010153841168382,18.932667125375215,760.7847086322554,0.0049778178810436875,0.3700622853848661,187.58724900469073,2.689080974636514,209.80152649916602,0.013257194621039688,0.019915687891759237,23.157906426566658,49.90239764748241,11.796365679260957,22.887044884189926,0.025840569690493167,220.0939377496506,96.45967307079415,10.0
2010-04,2010-04-15 12:00:00,13.97162037037037,14.102916666666667,13.836180555555556,58.84652777777777,5.077569444444445,0.36259259259259263,0.060881944444444454,3.743217592592593,13.968032407407406,13.271180555555556,13.267708333333333,759.9024768518518,0.002226851851851852,0.025578703703703704,107.76226851851852,1.5447314814814814,119.33472222222221,0.03654722222222222,0.006245601851851852,18.596412037037037,43.329398148148144,5.729444444444444,17.338124999999998,3.0092592592592593e-05,206.9099537037037,90.7520138888889,10.0
2010-05,2010-05-16 00:00:00,9.19500448028674,9.35356182795699,9.036850358422939,66.15322580645162,2.1708109318996414,2.8886872759856628,0.48253360215053764,7.511693548387097,8.970474910394266,8.633557347670251,8.409341397849463,766.7171370967742,0.9087813620071684,11.81568100358423,70.70318100358423,1.0135640681003584,80.08422939068102,0.06544354838709678,0.0019796146953405015,12.659901433691756,54.59543010752688,3.300739247311828,11.868727598566307,0.010356182795698925,220.26344086021507,96.52329749103943,10.0
2010-06,2010-06-15 12:00:00,7.458171296296297,7.589768518518519,7.323125,69.23726851851852,1.5217824074074073,4.673680555555555,0.7800532407407407,10.322013888888888,6.916203703703704,7.000347222222222,6.458634259259259,765.3026620370371,0.0031944444444444446,0.012222222222222223,55.01967592592593,0.7887037037037037,63.99953703703704,0.07570555555555555,0.000175,10.68923611111111,61.575,3.4678240740740742,10.138981481481482,0.009550925925925926,219.46412037037038,96.23282407407406,10.0
2010-07,2010-07-16 00:00:00,5.355689964157706,5.516039426523298,5.193570788530466,57.20631720430107,-3.256362007168459,4.243794802867383,0.7083355734767025,9.873185483870966,4.784498207885305,4.728606630824372,4.157123655913979,767.3443996415771,8.960573476702509e-05,0.0,69.62410394265233,0.9980600358422939,79.59498207885305,0.0902421594982079,0.00011581541218637993,9.127710573476701,47.46998207885305,-1.605712365591398,8.332504480286739,0.011451612903225807,218.82594086021507,95.81554659498208,10.0
2010-08,2010-08-16 00:00:00,7.348991935483871,7.5256944444444445,7.174350358422939,50.05040322580645,-3.476164874551971,4.599171146953405,0.7678673835125448,10.601097670250896,6.894780465949821,6.454368279569893,6.00038082437276,768.1619175627239,0.00022401433691756272,0.0005824372759856631,96.0100806451613,1.3763172043010752,109.7081093189964,0.07702800179211469,0.0007573924731182795,10.721639784946237,41.70004480286738,-1.9864023297491038,9.638732078853046,0.01578405017921147,219.7513440860215,96.2288082437276,10.0
2010-09,2010-09-15 12:00:00,11.697685185185184,11.868726851851852,11.525115740740741,50.99814814814815,0.5120370370370371,4.098148148148148,0.6840069444444445,9.827430555555557,11.489814814814816,10.705439814814815,10.498078703703703,765.8366435185185,0.016527777777777777,0.1740277777777778,157.1326388888889,2.2525208333333335,173.64652777777778,0.04907847222222222,0.0029944444444444445,15.273773148148148,43.39375,2.408634259259259,14.005416666666667,0.021939814814814815,217.89814814814815,95.52780092592593,10.0
2010-10,2010-10-16 00:00:00,15.573812724014337,15.743817204301076,15.40497311827957,51.30152329749104,4.366509856630824,3.385103046594982,0.56521729390681,9.556742831541218,15.4328853046595,14.656720430107528,14.515344982078853,763.9151657706093,0.0064516129032258064,0.06509856630824373,223.75044802867382,3.207484318996416,242.57258064516128,0.03003203405017921,0.010875224014336918,19.529278673835126,44.546370967741936,6.812163978494624,18.533221326164874,0.02823252688172043,218.5840053763441,95.82623207885305,10.0
2010-11,2010-11-15 12:00:00,18.384035829307567,18.560015096618358,18.2085557568438,46.932286634460546,5.766036634460548,4.514856078904992,0.7538097826086957,12.32381843800322,18.29772041062802,17.413177334943637,17.326837761674717,761.9047373188406,0.0002314814814814815,0.0,263.04237117552333,3.7707931763285023,284.9514995974235,0.015884772544283412,0.01623790257648953,23.41270933977456,37.08516505636071,7.596005434782609,22.388062600644123,0.03509349838969404,219.43645330112722,96.2087801932367,10.0
2010-12,2010-12-16 00:00:00,21.251008064516128,21.431989247311826,21.067473118279572,41.69735663082437,6.447603046594982,5.296057347670251,0.8839852150537634,14.622513440860214,21.11825716845878,20.290972222222223,20.157728494623658,758.4648745519713,0.004659498207885305,0.08189964157706092,289.1758512544803,4.145400985663082,313.4704301075269,0.010017697132616486,0.030276209677419355,26.40965501792115,31.68010752688172,7.854278673835125,25.508624551971327,0.041178315412186375,221.41644265232975,97.03658154121864,10.0
2011-01,2011-01-16 00:00:00,22.13707437275986,22.30703405017921,21.96556899641577,50.56877240143369,10.002486559139786,3.899887992831541,0.6514359318996417,11.460147849462366,22.06146953405018,21.658736559139786,21.583176523297492,758.7982750896057,0.0037186379928315413,0.03431899641577061,270.168458781362,3.8728718637992836,289.0226254480287,0.007240591397849463,0.03365210573476702,27.585125448028673,39.39448924731183,12.001120071684587,27.384879032258063,0.03683691756272402,220.54928315412184,96.66534498207885,10.0
2011-02,2011-02-14 12:00:00,21.675049603174603,21.862103174603174,21.48673115079365,50.19667658730158,9.588789682539682,3.3869295634920635,0.5660218253968254,10.226661706349207,21.639459325396825,21.12395833333333,21.08859126984127,761.8154265873015,0.0001984126984126984,0.003918650793650794,256.13963293650795,3.6718377976190477,274.6326884920635,0.00971875,0.03293625992063492,27.21282242063492,36.55555555555556,10.747371031746031,26.655109126984126,0.034754464285714284,220.5250496031746,96.63908730158731,10.0
2011-03,2011-03-16 00:00:00,17.960184149595793,18.15388869267195,17.767214275436256,56.15283500771786,7.83093981372472,2.645696799047694,0.4422075223033253,8.488641328519478,17.917216728147974,17.40178966198362,17.3585522787327,761.6423001203464,0.004572181670721817,0.050492831541218634,200.36936366847186,2.8723699899275306,211.963762001936,0.022875505258613923,0.02028701141982576,23.17334294796327,41.92258260733067,9.224414619469952,22.491621046228712,0.026683966459984824,219.7150586688643,96.30984714700573,10.0
2011-04,2011-04-15 12:00:00,13.54175925925926,13.730717592592592,13.351898148148148,57.27939814814815,3.9540972222222224,3.3506944444444446,0.5593356481481481,8.43273148148148,13.331412037037037,12.784537037037037,12.574074074074074,763.1202546296297,0.0007870370370370372,0.007962962962962965,133.6224537037037,1.9154675925925926,148.17453703703706,0.04168148148148148,0.008411805555555556,18.120300925925925,42.383101851851855,4.95625,16.942893518518517,0.018925925925925926,219.3615740740741,96.14502314814814,10.0
2011-05,2011-05-16 00:00:00,9.692181899641577,9.858490143369176,9.525089605734767,60.31675627240143,1.3487007168458782,2.6812275985663083,0.4481339605734767,7.257101254480286,9.57334229390681,8.983758960573477,8.864493727598568,765.6449820788531,0.00022401433691756275,0.18454301075268817,75.71931003584228,1.0854502688172043,85.40591397849462,0.06156451612903226,0.0015546594982078852,13.663194444444445,45.90232974910394,1.9656810035842296,12.566465053763443,0.012083333333333333,222.5013440860215,97.39025537634409,10.0
2011-06,2011-06-15 12:00:00,6.6812962962962965,6.829351851851852,6.533032407407407,61.486805555555556,-1.0051157407407407,4.015046296296297,0.6701643518518519,9.124097222222222,6.230138888888889,6.069421296296296,5.617476851851851,764.9337037037037,0.0007407407407407408,0.0059259259259259265,46.31064814814815,0.6638657407407408,52.665277777777774,0.08100717592592592,8.796296296296295e-05,10.147546296296296,49.09976851851852,-0.1984722222222222,9.317453703703704,0.009405092592592593,224.51620370370372,98.26125,10.0
2011-07,2011-07-16 00:00:00,5.201881720430107,5.3792114695340505,5.025044802867383,61.8010752688172,-2.353965053763441,3.227643369175627,0.539043458781362,7.293929211469534,4.8269041218638,4.609520609318996,4.2347446236559145,766.0546594982079,0.002150537634408602,0.013620071684587813,52.633736559139784,0.7545295698924731,60.33243727598567,0.09140837813620072,0.00021191756272401433,8.486917562724013,49.291218637992834,-1.6729390681003584,7.730824372759857,0.008888888888888889,224.372311827957,98.21050627240143,10.0
2011-08,2011-08-16 00:00:00,7.951545698924731,8.095362903225807,7.809094982078853,55.0521953405018,-1.6286514336917564,5.143122759856631,0.8583602150537635,11.698409498207885,7.414807347670251,7.163530465949821,6.626568100358423,765.9278449820788,0.0015232974910394264,0.0032258064516129032,89.31205197132617,1.2802732974910396,102.71146953405018,0.07217159498207885,7.773297491039426e-05,11.112813620071684,46.94489247311828,-0.1552195340501792,10.153875448028673,0.014930555555555556,225.1019265232975,98.47197580645161,10.0
2011-09,2011-09-15 12:00:00,13.541689814814815,13.709351851851853,13.375694444444443,39.009027777777774,-1.2155555555555557,6.330231481481481,1.056127314814815,14.12875,13.050046296296296,12.157106481481483,11.665162037037037,764.9896990740741,4.62962962962963e-05,0.0,156.25694444444443,2.23994212962963,171.60393518518518,0.03792337962962963,0.004649305555555555,16.62641203703704,32.94699074074074,0.025046296296296303,14.935092592592593,0.026449074074074076,223.11296296296297,97.64555555555556,10.0
2011-10,2011-10-16 00:00:00,15.538597670250896,15.699955197132617,15.377643369175628,49.24574372759857,3.4169802867383514,2.6937948028673837,0.44992607526881717,7.811648745519713,15.439336917562725,14.469489247311829,14.370161290322581,763.9207661290322,0.008870967741935484,0.09189068100358423,221.4706541218638,3.1747804659498207,242.50627240143368,0.027774417562724016,0.008365367383512545,19.56041666666667,41.06182795698925,5.398812724014337,18.355421146953404,0.02696236559139785,222.0665322580645,97.22184139784946,10.0
2011-11,2011-11-15 12:00:00,20.320590780998387,20.50180958132045,20.13917270531401,42.32688204508857,5.865715579710145,3.9608494363929143,0.6615573671497584,11.185786030595812,20.226424114331724,19.280996376811594,19.187269524959742,760.5132850241547,0.002175925925925926,0.05976851851851851,274.586443236715,3.936269726247987,298.513556763285,0.010992381239935588,0.024782165861513685,25.358473228663446,32.77505032206119,7.487777777777778,24.26740539452496,0.0374549114331723,223.35080515297906,97.83677938808373,10.0
2011-12,2011-12-16 00:00:00,22.749081541218636,22.926926523297492,22.57094534050179,44.30241935483871,8.68519265232975,3.8506944444444446,0.6435685483870968,10.790255376344085,22.70710125448029,22.041935483870965,22.000067204301075,760.597020609319,0.0029121863799283156,0.09224910394265232,299.38418458781365,4.291720430107526,316.66017025089604,0.006955645161290323,0.03761671146953405,28.806877240143372,32.5676523297491,10.367047491039427,28.252240143369175,0.04084229390681004,223.55555555555557,97.92842741935483,10.0
2012-01,2012-01-16 00:00:00,23.88942652329749,24.063933691756272,23.716532258064515,51.94668458781362,12.097647849462366,3.585909498207885,0.5990725806451612,10.286984767025091,23.853136200716843,23.69469086021505,23.658221326164874,759.2737679211469,0.011827956989247311,0.14162186379928318,269.3501344086021,3.861200716845878,286.758064516129,0.0040564516129032255,0.042644713261648745,30.037768817204302,38.15860215053764,13.628382616487455,30.132101254480286,0.036987007168458784,222.88620071684588,97.64984318996416,10.0
2012-02,2012-02-15 00:00:00,19.748702050608124,19.921024762960876,19.57376832934883,57.27310372005121,9.81318235215301,3.172027149822951,0.5299789300302797,9.316189162015501,19.70760381004103,19.353667966663313,19.312169069505206,759.3048840233475,0.004270730502011477,0.013831948044857503,180.42626490416546,2.5864543832605666,198.3547091911488,0.014169928177604344,0.023966901541524213,24.951337986299766,43.10393451251139,10.98875943782062,24.48360372987189,0.025578883585778138,222.04120240106295,97.21438695681515,10.0
2012-03,2012-03-16 00:00:00,18.055398745519714,18.227150537634408,17.88378136200717,65.18817204301075,10.307101254480287,2.3332437275985667,0.3903024193548387,7.119086021505376,18.02833781362007,17.867719534050178,17.84056899641577,761.8120071684588,0.0025089605734767025,0.3693548387096774,183.38104838709677,2.62877688172043,200.54726702508958,0.021371415770609317,0.019435931899641577,23.456720430107527,47.65681003584229,11.473252688172044,23.134767025089605,0.02296818996415771,222.63620071684588,97.4926523297491,10.0
2012-04,2012-04-15 12:00:00,12.314646019194377,12.481001284130846,12.148988240064883,63.98882806163828,4.5398200527169505,2.785972222222222,0.4654718336036767,7.7704631319275475,12.219491754528251,11.72676399026764,11.631682718302244,764.1533186334144,0.0015277777777777779,0.018564814814814815,116.3177176263855,1.667475584617464,132.35629224114626,0.04802708502297918,0.006234788118410381,17.188346850500135,46.9327301297648,5.443116551770748,16.19641896458502,0.015870894160583942,222.22219011895106,97.28426162476346,10.0
2012-05,2012-05-16 00:00:00,10.543458781362007,10.691621863799284,10.394668458781362,62.70631720430107,2.8196236559139782,3.006339605734767,0.5022043010752688,7.648790322580646,10.385416666666668,9.931317204301076,9.773163082437277,763.3618055555556,0.00017921146953405018,0.0,71.11312724014337,1.0194377240143369,80.69713261648747,0.05608176523297491,0.0019854390681003586,13.329009856630824,51.704973118279575,3.357706093189964,12.4733646953405,0.011330645161290323,219.75716845878134,96.30266577060931,10.0
2012-06,2012-06-15 12:00:00,6.734467592592592,6.884305555555556,6.585601851851852,60.207638888888894,-1.2340972222222222,3.616550925925926,0.6038287037037037,8.527731481481482,6.372592592592593,6.1098842592592595,5.748078703703704,764.0906944444445,0.0019444444444444444,0.004120370370370371,54.96064814814815,0.7878032407407408,63.45625,0.08075,0.0002168981481481481,8.955578703703704,51.76990740740741,-0.5887037037037037,8.255092592592593,0.010039351851851851,219.5962962962963,96.16358796296296,10.0
2012-07,2012-07-16 00:00:00,6.141218637992831,6.309789426523298,5.973767921146954,49.54659498207885,-4.592786738351255,5.1691756272401435,0.8625582437275986,11.670922939068099,5.471214157706093,5.331608422939068,4.6611111111111105,766.6629704301075,0.0004480286738351255,0.000582437275985663,74.53270609318996,1.068443100358423,83.80981182795698,0.0847040770609319,3.2258064516129034e-05,8.023387096774194,42.99731182795699,-3.997804659498208,7.181362007168458,0.01385752688172043,222.10595878136203,97.21868279569892,10.0
2012-08,2012-08-16 00:00:00,8.647793788713786,8.784982534459997,8.51382441804065,62.74463906982971,0.2524841015867049,2.3876988892524045,0.3990605560092872,5.710654895835377,8.477453721999863,7.581202274786267,7.410419028909274,767.3669568232717,0.008061023426494444,0.2354541686575998,97.08077381557618,1.3916391671679043,110.64122994936466,0.06840165929309222,0.0011312478536520054,10.900183586927199,54.610071529679296,1.8287052044868042,10.179760704530027,0.012248818264609421,211.9987719463553,92.87651781576643,10.0
2012-09,2012-09-15 12:00:00,12.708124999999999,12.872199074074073,12.54451388888889,48.511111111111106,0.8461342592592592,4.953402777777778,0.8268078703703704,11.492476851851851,12.446226851851852,11.63662037037037,11.374467592592593,765.7008101851851,0.0005092592592592593,0.0037499999999999994,155.2525462962963,2.2255393518518516,174.46574074074076,0.04322060185185185,0.0041564814814814815,15.463449074074074,41.22314814814815,1.9699074074074074,14.135231481481481,0.02294675925925926,217.83310185185186,95.5089351851852,10.0
2012-10,2012-10-16 00:00:00,14.970049283154122,15.120497311827956,14.819578853046595,53.422939068100355,4.293122759856631,3.84119623655914,0.6422513440860215,10.197558243727599,14.904413082437276,14.053942652329749,13.988351254480287,762.8008512544803,0.013306451612903227,0.12499999999999999,203.7923387096774,2.9213888888888886,220.1247759856631,0.02992450716845878,0.006560259856630825,18.474865591397847,45.22670250896058,5.967137096774193,17.40575716845878,0.02630152329749104,218.07078853046593,95.62399193548387,10.0
2012-11,2012-11-15 12:00:00,18.965160024154592,19.137376207729467,18.792153784219,48.0819343800322,6.314287439613526,3.2114744363929146,0.5367264492753623,8.270923913043479,18.89277576489533,18.09016304347826,18.017755636070852,761.8565660225444,0.007916666666666666,0.08361111111111111,264.427999194847,3.7905306964573264,283.3245068438003,0.01569204911433172,0.020081310386473428,23.008672504025764,38.55218397745571,7.641575080515298,22.046296296296298,0.03352657004830918,220.6590881642512,96.71085950080516,10.0
2012-12,2012-12-16 00:00:00,20.19554211469534,20.359587813620074,20.03380376344086,43.54681899641577,6.347065412186379,1.8196684587813623,0.303698476702509,4.865322580645162,20.150828853046594,19.178472222222222,19.133982974910392,757.496079749104,0.0015232974910394264,0.04610215053763441,292.08445340501794,4.187094534050179,316.6550179211469,0.010052867383512545,0.022989471326164877,23.957302867383515,35.4706541218638,7.4554659498207885,22.924215949820788,0.03564516129032258,221.7676971326165,97.20286738351254,10.0
2013-01,2013-01-16 00:00:00,23.54372759856631,23.709094982078856,23.37784498207885,55.36088709677419,12.89948476702509,3.5941756272401437,0.6009341397849463,9.74003136200717,23.507056451612904,23.62968189964158,23.592898745519715,760.1427867383512,0.017831541218637992,0.2656362007168459,283.04614695340507,4.0574798387096775,302.0255376344086,0.004842517921146953,0.041015008960573474,27.797647849462365,44.128136200716845,13.959498207885305,28.156854838709677,0.03727374551971326,221.0893817204301,96.91124551971326,10.0
2013-02,2013-02-14 12:00:00,21.477083333333333,21.65096726190476,21.30684523809524,53.857142857142854,10.676240079365078,3.253000992063492,0.543782242063492,9.593030753968254,21.44737103174603,21.216145833333336,21.18653273809524,759.8443700396825,0.0017361111111111112,0.017509920634920635,189.281498015873,2.7133680555555557,206.7859623015873,0.00933234126984127,0.031171874999999998,25.451909722222222,42.04662698412699,11.301661706349206,25.165401785714288,0.027336309523809523,220.1391369047619,96.50627480158731,10.0
2013-03,2013-03-16 00:00:00,15.872759856630823,16.03250448028674,15.714381720430106,61.17741935483871,7.359251792114695,3.399887992831541,0.5680801971326165,9.514471326164875,15.777620967741935,15.326097670250896,15.230824372759857,763.8132616487455,0.012275985663082436,0.16662186379928315,180.05913978494624,2.5811671146953405,200.41151433691755,0.027867383512544804,0.01077665770609319,19.528293010752687,48.9209229390681,8.24948476702509,18.73660394265233,0.023203405017921147,217.99574372759858,95.58546146953405,10.0
2013-04,2013-04-15 12:00:00,15.06135796836983,15.2071265882671,14.914717998107596,69.8437871722087,8.696001622060017,2.2533701676128683,0.3768692214111923,6.6796362192484455,15.023834820221682,14.784600736685592,14.746938699648553,762.9024265004056,0.004907407407407407,0.026018518518518517,118.82347087050555,1.7033576811300353,132.82787070829954,0.03199182887266829,0.009269380237902136,17.813041531495,58.36657373614491,9.291805217626385,17.302210563665856,0.015190946877534469,217.54450020275752,95.38618207623682,10.0
2013-05,2013-05-16 00:00:00,9.523454301075269,9.682526881720431,9.364695340501791,65.3214605734767,2.4595206093189965,3.2642921146953405,0.5453741039426524,8.246370967741935,9.348633512544803,8.924305555555556,8.749260752688171,763.2096326164874,0.0006720430107526882,0.003270609318996416,77.04749103942652,1.1045206093189963,87.7780017921147,0.06208646953405018,0.000903225806451613,11.519354838709678,55.77083333333333,2.788418458781362,10.807594086021505,0.011922043010752687,222.1543458781362,97.27551523297491,10.0
2013-06,2013-06-15 12:00:00,8.006689814814814,8.170833333333333,7.842731481481481,55.876157407407405,-1.1596064814814815,4.228263888888889,0.7060416666666668,9.827685185185185,7.662083333333333,7.241134259259259,6.896550925925926,764.291087962963,0.0010648148148148149,0.008749999999999999,63.02523148148148,0.9034953703703704,71.74212962962962,0.07216157407407407,0.00044861111111111116,9.56423611111111,48.79861111111111,-0.9056944444444445,8.758356481481481,0.012203703703703704,224.64004629629628,98.26916666666666,10.0
2013-07,2013-07-16 00:00:00,6.270743727598566,6.42130376344086,6.116913082437276,61.93346774193548,-1.2666890681003582,3.526904121863799,0.5892204301075269,8.633848566308243,5.870833333333334,5.6893593189964164,5.289314516129032,766.805600358423,0.0011200716845878136,0.00035842293906810036,68.66890681003585,0.9843974014336918,78.20878136200717,0.08411155913978494,0.00033646953405017924,8.40575716845878,52.833109318996414,-0.8012544802867383,7.748700716845878,0.010526433691756272,225.00806451612902,98.45020161290323,10.0
2013-08,2013-08-16 00:00:00,8.489068100358422,8.661850358422939,8.317853942652329,47.03673835125448,-3.3910618279569893,5.771460573476703,0.9630645161290323,12.702419354838709,7.884856630824372,7.516801075268817,6.912634408602151,766.0623431899642,0.00022401433691756275,0.0,107.35103046594982,1.538904569892473,122.8736559139785,0.07072132616487455,0.0023664874551971326,10.567383512544803,41.121863799283155,-2.4248207885304662,9.50497311827957,0.018635752688172046,225.1415770609319,98.4573476702509,10.0
2013-09,2013-09-15 12:00:00,10.50965425531915,10.649187352245862,10.369361209613869,51.26303191489362,-0.3957215327029157,6.001092395587077,1.0014971434200157,13.751603132387707,9.978827817178882,9.577133569739951,9.04584219858156,767.3259392237983,0.002039007092198582,0.0009259259259259259,138.03769208037826,1.978848010244287,154.3847025216706,0.05759317375886525,0.0032506944444444445,12.903759850275808,42.639440504334125,0.1389479905437353,11.75978329393223,0.021353871158392435,224.2528073286052,98.12360273837668,10.0
2013-10,2013-10-16 00:00:00,16.361818639578775,16.52506403241666,16.19671610841501,50.48881712500397,4.555001070510991,3.9474829114727057,0.6594516208329368,10.52785271354712,16.26829265391569,15.438200193484949,15.345032630760937,763.2191173438639,0.0030473879531829865,0.0,213.674687569385,3.063012358454658,235.73497914485995,0.026594962254575444,0.012816308243727599,19.051974894534844,43.65081913915057,5.887379468392171,17.985510633742507,0.02897375662130872,223.31651639864242,97.72151172011293,10.0
2013-11,2013-11-15 12:00:00,19.20765499194847,19.384278381642513,19.03179649758454,45.342491948470204,5.619104267310789,4.16016807568438,0.6949832930756845,11.425571658615137,19.126217793880837,18.202868357487926,18.121199677938808,760.3754800724638,0.0006018518518518518,0.0,264.5580817230274,3.792489231078905,283.9436292270531,0.015714271336553946,0.0217840076489533,23.27972423510467,35.8763385668277,6.867174919484702,22.15746376811594,0.03602183977455717,223.53452093397746,97.86657206119163,10.0
2013-12,2013-12-16 00:00:00,24.10979069452898,24.294726364374114,23.922606850612024,41.76232078853046,9.1857881923311,3.53637485629269,0.5910466964225334,10.773013457766957,24.0851326333942,23.450105667140054,23.425402803137892,757.8555111753567,0.001388888888888889,0.0,296.14014421451276,4.2452284523568,312.3565378372895,0.0039329732197200245,0.044040808649489414,28.76753778656928,32.25029164130655,10.221428450666124,28.183728105768584,0.041202787921823227,224.25409143166297,98.19999999999999,10.0
2014-01,2014-01-16 00:00:00,23.104323790009275,23.291646301726946,22.915410149885957,41.1010163671454,7.9884203386219514,3.7478233012507207,0.6262144710128581,11.588078990901572,23.064075933027546,22.30430138857558,22.26387353685741,758.4037197345666,0.0,0.0,290.46384283279446,4.1637711482066315,306.0319839210968,0.0069460846053587995,0.040075580557435396,28.320947846955914,30.29553757174725,8.949416622803719,27.497578295360555,0.0406140655939043,224.09914279269117,98.09720076070883,10.0
2014-02,2014-02-14 12:00:00,20.319925560550562,20.48709432928183,20.151589729714733,51.443991772116775,8.801168796481296,3.787160929348429,0.632794687950938,10.763728632478632,20.267394411144412,19.65982437701188,19.607566045066047,761.3491759976134,0.0011953324453324453,0.32142857142857145,236.53935647685648,3.3908329864579865,253.63191496003995,0.010594180125430125,0.024384461025086023,25.42919875263625,37.89401397213897,9.535025911588411,24.69566145659896,0.03241607350982351,222.6321595071595,97.5280858030858,10.0
2014-03,2014-03-16 00:00:00,17.179476213750405,17.361772658345238,16.999197464721657,55.43840858961827,6.948004392560844,3.2205914605108155,0.5380424906634584,9.38722162693937,17.125645568589118,16.484690891545732,16.4309722535529,761.4553663182696,0.0003136200716845878,0.004838709677419355,201.97161127403064,2.8953122101912423,218.01710811589845,0.023650122502945084,0.015640209476903026,22.37901204977818,39.426119131764295,7.625732197909618,21.401581572549315,0.026840144622402688,223.443662744066,97.835901352232,10.0
2014-04,2014-04-15 12:00:00,12.646523337691026,12.786617507325882,12.50593333986109,66.73671515325131,5.7643588040321285,3.253815758324976,0.5434734646062052,8.832611828245508,12.54313684508141,12.165999557927043,12.062356540176218,765.212139146379,0.029288609709768678,0.8378416773422788,129.63262878512958,1.8582625385152864,147.13050090162014,0.043278405827419646,0.003747136051285154,15.784898198527063,58.31211956419693,7.2902838672303005,15.234083199658667,0.015867338022695052,226.4756680120611,98.63605082017772,10.0
2014-05,2014-05-16 00:00:00,9.22094534050179,9.342697132616488,9.098767921146953,76.19108422939068,4.808848566308244,2.223275089605735,0.37163306451612904,6.019870071684587,9.08046594982079,8.934117383512545,8.79350358422939,765.3650313620071,0.010707885304659498,0.08530465949820788,86.07974910394265,1.2339247311827957,96.01120071684588,0.06347199820788531,0.00019086021505376342,11.447222222222221,69.22603046594982,5.924350358422939,11.068884408602152,0.009879032258064517,231.93279569892474,99.95094086021506,10.0
2014-06,2014-06-15 12:00:00,5.9679166666666665,6.122060185185186,5.813773148148147,68.47361111111111,-0.0023842592592592843,2.3262962962962965,0.3887291666666667,6.201527777777778,5.777222222222222,5.513425925925926,5.323379629629629,764.520925925926,0.0002777777777777778,0.0,78.92453703703704,1.1314375,86.63773148148148,0.08589699074074074,3.009259259259259e-05,7.7148611111111105,62.22847222222222,0.8406944444444445,7.257546296296296,0.009715277777777778,231.72175925925927,99.95548611111111,10.0
2014-07,2014-07-16 00:00:00,6.264986559139785,6.399932795698925,6.129950716845878,68.72670250896057,0.40412186379928317,2.613508064516129,0.4369041218637993,6.851030465949822,6.01975806451613,5.852822580645161,5.608064516129032,766.7676971326165,0.0005376344086021506,0.0,76.47535842293908,1.0962836021505376,86.36043906810036,0.08389202508960573,9.050179211469534e-05,7.687948028673835,63.90748207885304,1.1275985663082437,7.26733870967742,0.009672939068100359,231.76052867383513,99.94599014336917,10.0
2014-08,2014-08-16 00:00:00,10.132745389869152,10.291071538029085,9.974887549776009,56.51171315601592,0.9194452551189121,4.254478917409021,0.7102602073027267,10.203866990660051,9.781463430806692,9.372278980764943,9.019780238101362,764.8066538776537,0.0004942819169778568,0.006469782150013993,123.44985282056437,1.76968103470933,134.55551008787702,0.059715923155353276,0.0027596080687057687,11.6149924221069,51.15551847548138,1.5994581386418791,10.79295696091612,0.017444173334139192,231.75768332810435,99.8784823161705,10.0
2014-09,2014-09-15 12:00:00,12.467858960329421,12.6247217134614,12.315005561638156,56.91722040870578,3.024592602730262,4.408156437101017,0.7360629269554626,11.270174713348007,12.211294709938747,11.648148334005423,11.391691315283776,763.3323041988913,0.002232988802756244,0.3811574074074074,172.5841400524681,2.474001831398165,191.65879919210283,0.0438822632976187,0.003149074074074074,14.464520843987271,50.75928277302058,3.915846320814438,13.473749262672275,0.02287468775039105,232.14713426855212,99.98194081506489,10.0
2014-10,2014-10-16 00:00:00,15.157485224047273,15.311445480983727,15.000666992718303,59.483855894254,6.227053241419662,3.251608930210259,0.5433195482985131,9.765221243098283,15.01072840013426,14.532574663706354,14.38582737703739,763.4262562376856,0.006841745241964882,0.10718489574664047,222.85664268734254,3.194743281468859,247.0244823327789,0.03181281295049589,0.009755567585526004,17.800641363256236,51.75407841320207,7.278851937013555,17.01045582547433,0.026926382081274493,231.99301479694893,99.96546798150672,10.0
2014-11,2014-11-15 12:00:00,17.64798976608187,17.819958228905598,17.47620718462824,48.77626705653021,5.587010059871902,3.746375835421888,0.6259464111668059,11.200898078529658,17.497304372041217,16.780282999164577,16.629306773879144,762.3581309175717,0.002355889724310777,0.012982456140350877,286.56451545530496,4.107980767891952,312.00500556947924,0.02201788673071568,0.017252546296296297,21.44621292815372,38.93254490392648,6.521257483987747,20.384246031746034,0.03596271929824561,231.99254560011138,99.97960648148147,10.0
2014-12,2014-12-16 00:00:00,21.05705904546312,21.247040888511602,20.868328145632898,45.92794048292775,7.828382144878325,2.8725740426334654,0.48045842765515945,9.535085361252595,21.034568006036597,20.253461846821352,20.230746793057914,759.2814485474439,0.0055107526881720435,0.05976702508960573,308.3336917562724,4.42000947934352,334.2364200150915,0.010618562535370685,0.029534842482550464,25.434473212601393,35.72861016789285,8.809944350122619,24.577595500848897,0.039424070930013204,231.62421948688927,99.95727905112243,10.0
2015-01,2015-01-16 00:00:00,23.074332585384635,23.26307040344797,22.886178315412185,48.43444896175835,10.413367731567877,2.289547231849285,0.38350921235818597,8.49950809413786,23.057307495778904,22.632981390147815,22.61573228620516,759.993104246275,0.004847966468201072,0.07072410320210905,326.9342767854498,4.686653688645991,343.78162860274296,0.006484394902100181,0.03931862244142303,27.795146109185698,36.49756731538257,11.132216038685979,27.376115073017566,0.04118259204952753,231.13723747741344,99.94034886993097,10.0
2015-02,2015-02-14 12:00:00,21.31839900645027,21.48849107885976,21.155379603620474,56.756229564235184,11.423434917662446,3.1934484981570654,0.5338350870935141,9.477391058795552,21.292026651952916,21.131169575976458,21.10521884846323,761.2840230589738,0.01763227513227513,0.305625,277.97088089293146,3.984787388160633,295.67320295315375,0.0090509411598597,0.02953455724986624,29.03104595817728,39.590619240829916,13.490693515546043,29.07133354512217,0.03573605537720707,230.2086558468581,99.7440079550859,10.0
2015-03,2015-03-16 00:00:00,19.451450750214907,19.64693670801154,19.25326454280517,59.57615612707779,10.335639749106447,1.0407704384833545,0.17448420473177634,3.5851481075196836,19.450935517239994,19.30378534446833,19.30329251292711,761.8427797631495,0.00037374488008764037,0.0,224.94342170897775,3.2246271893043,239.9336285538024,0.018231722142920532,0.025989438536643657,29.305560655227247,34.14719554079364,11.718149171237568,29.122687336256938,0.02712288919718658,231.6993403224022,99.96957363844518,10.0
2015-04,2015-04-15 12:00:00,15.602569444444445,15.742500000000001,15.464374999999999,65.1037037037037,8.332800925925927,2.5458333333333334,0.42537037037037034,7.105254629629629,15.502268518518518,15.170694444444445,15.070578703703704,763.5006481481482,0.0031018518518518517,0.6684722222222222,114.96458333333334,1.6480555555555556,130.91458333333333,0.04740671296296296,0.007788657407407407,21.665416666666665,45.62847222222222,9.27025462962963,20.912060185185183,0.014532407407407407,232.10046296296295,99.95909722222223,10.0
2015-05,2015-05-16 00:00:00,10.51046146953405,10.67652329749104,10.358400537634408,66.60259856630825,3.8601478494623658,1.8577508960573477,0.3109005376344086,5.709094982078853,10.43738799283154,10.01135752688172,9.950224014336918,763.9589605734767,8.960573476702509e-05,0.0,69.73028673835125,0.9996281362007168,77.0956541218638,0.07102867383512546,0.0017081093189964158,16.082459677419354,47.32347670250896,4.761402329749104,14.997916666666667,0.008844086021505377,232.30129928315412,99.97298387096774,10.0
2015-06,2015-06-15 12:00:00,8.08550925925926,8.24476851851852,7.924791666666667,49.518055555555556,-2.386759259259259,4.424120370370371,0.7385324074074074,10.402662037037036,7.686851851851852,7.3052777777777775,6.905949074074074,764.3016203703703,0.000925925925925926,0.0003703703703703704,72.16944444444445,1.0345810185185185,78.33217592592592,0.07347939814814815,0.0007756944444444445,11.783333333333333,48.4849537037037,0.9888425925925924,10.843148148148147,0.01312962962962963,231.71967592592594,99.91391203703704,10.0
2015-07,2015-07-16 00:00:00,6.9918458781362,7.11326164874552,6.86951164874552,42.08534946236559,-7.763463261648746,2.1858646953405017,0.365203853046595,5.578427419354839,6.829614695340502,4.295967741935484,4.133893369175627,763.6627016129032,0.00022401433691756272,0.000985663082437276,54.80846774193548,0.785701164874552,61.74731182795699,0.07888956093189964,0.00015277777777777777,19.773409498207887,29.84834229390681,1.5519489247311828,17.99142025089606,0.009218189964157705,166.90277777777777,72.04186827956988,10.0
2015-08,2015-08-16 00:00:00,10.401052867383513,10.508064516129032,10.299193548387096,41.758960573476706,-3.2744847670250894,3.697401433691756,0.6170586917562725,8.45486111111111,10.091778673835124,8.21747311827957,7.916733870967741,763.3128136200717,0.001299283154121864,0.0076164874551971325,77.14090501792116,1.1058445340501792,87.55779569892472,0.06023969534050179,0.0008487903225806452,19.02258064516129,36.96124551971326,3.3959229390681003,17.67856182795699,0.013241487455197133,158.37163978494624,68.41989247311828,10.0
2015-09,2015-09-15 12:00:00,9.723894464720194,9.860707285752905,9.586009732360099,48.31477595296026,-2.8704545147337113,4.003136827520952,0.6682219180859692,9.653758279264666,9.438476277372263,8.323077183022438,8.037356886996486,764.4001000270343,0.00828940254122736,0.09680555555555556,129.3095296025953,1.8536920789402542,142.98285009462018,0.06160421228710462,0.0018381944444444446,16.826589280886726,34.445625506893755,0.5531995133819952,15.060337422276291,0.018613645579886453,200.6768771965396,86.16345583265748,10.0
2015-10,2015-10-16 00:00:00,13.158579749103941,13.311402329749104,13.005801971326164,56.49417562724014,3.297782258064516,4.090591397849463,0.6832750896057348,10.898633512544803,12.948521505376343,12.321438172043012,12.11122311827957,766.0903001792115,0.004032258064516129,0.011021505376344085,191.46998207885304,2.744778225806452,215.90658602150538,0.04116397849462365,0.005229390681003584,19.734229390681,39.518369175627235,5.285416666666666,18.5122311827957,0.024254032258064516,233.50582437275986,99.98116039426523,10.0
2015-11,2015-11-15 12:00:00,15.190286762166455,15.357160568589356,15.024148307687542,55.87325395056668,4.985497783496209,3.0056263239031966,0.5022873905711287,8.659203679875304,15.055600292512098,14.51521868018742,14.380609924873172,763.596959031831,0.010516697269675714,0.1671360388753615,184.95267761664292,2.6513101664022645,201.5764686364652,0.037082207308875945,0.014958114471737742,20.582919037663746,41.22438343467541,6.228966483417619,19.750928192121712,0.024049275295985512,226.31615659943841,97.93224962419437,10.0
2015-12,2015-12-16 00:00:00,22.148117182996216,22.326488677093515,21.970616995012158,45.08312968393614,8.053428985888663,3.658945064791839,0.6115995720229592,11.217897178985888,22.07734165476101,21.353128681354487,21.282264643958193,758.813959382911,0.007885304659498209,0.049059139784946235,296.34692928039703,4.2481648839511745,322.1805054264732,0.007877730468456275,0.03437302303431336,29.220120247136375,30.01088427701331,9.555919461363011,28.321892623505526,0.03976140123317543,233.54028498383337,99.99558691756273,10.0
2016-01,2016-01-16 00:00:00,23.288216845878136,23.446370967741935,23.130062724014337,58.13172043010753,13.326568100358424,2.7894713261648745,0.4667137096774194,9.265568996415771,23.268033154121863,23.37549283154122,23.355174731182796,759.8967965949821,0.01724910394265233,0.12692652329749102,271.8089157706093,3.8964202508960573,301.52800179211465,0.0036991487455197134,0.03810170250896057,30.907190860215056,40.14068100358423,15.39516129032258,31.43075716845878,0.03500448028673835,233.35573476702507,99.98517025089605,10.0
2016-02,2016-02-15 00:00:00,22.392456896551725,22.55323275862069,22.230986590038313,57.650862068965516,12.095785440613026,2.6011015325670495,0.43486350574712646,8.845282567049807,22.381633141762453,22.288409961685826,22.27758620689655,759.0480842911878,0.006130268199233717,0.02935823754789272,237.32782567049807,3.402119252873563,255.02155172413794,0.006323036398467432,0.03450526819923372,28.872078544061303,39.65828544061303,13.42088122605364,29.021791187739463,0.03126197318007663,232.941091954023,99.97250957854406,10.0
2016-03,2016-03-16 00:00:00,19.094466845878138,19.260147849462363,18.930219534050178,64.96751792114695,11.22576164874552,1.753517025089606,0.2936290322580645,6.691532258064516,19.07766577060932,18.973319892473118,18.95667562724014,763.6955869175627,0.0033602150537634413,0.7429659498207886,185.5165770609319,2.659442204301075,203.024417562724,0.016450940860215053,0.021742383512544802,25.080689964157706,43.56586021505377,11.648319892473118,24.731586021505375,0.022844982078853045,233.24126344086022,99.99652777777779,10.0
2016-04,2016-04-15 12:00:00,12.144606481481482,12.281342592592592,12.008796296296298,73.11087962962964,6.6849537037037035,1.7363194444444445,0.2903449074074074,5.953287037037037,12.112615740740742,11.804467592592593,11.772476851851852,764.9305787037036,0.0032407407407407406,0.011898148148148147,105.84027777777779,1.5172916666666665,122.325,0.04613958333333334,0.0031729166666666668,19.286875000000002,46.81342592592593,7.526574074074074,18.344953703703705,0.012525462962962964,233.35949074074077,99.99659722222222,10.0
2016-05,2016-05-16 00:00:00,9.219900264921304,9.292381564594047,9.149305555555555,87.02183652797257,7.00926834969612,1.908155095839177,0.31934500155836065,5.91271330060776,9.087520453482934,9.208907978806295,9.07643953560854,769.7539962209755,0.018084774816892628,0.09105111422783231,46.74192574411719,0.6700771388499299,54.91327723235157,0.06331178899797413,2.553763440860215e-05,15.627002493376967,57.258960573476706,7.103659225494779,14.898245870344399,0.004733520336605891,233.52898550724638,99.97251538881098,10.0
2016-06,2016-06-15 12:00:00,5.229907407407407,5.352615740740741,5.107546296296296,81.19189814814814,1.8241203703703703,1.5941203703703704,0.26648611111111115,4.7678009259259255,5.101365740740741,4.996921296296296,4.8676157407407405,769.9759953703704,0.0025462962962962965,0.00925925925925926,58.710648148148145,0.8416157407407407,67.34768518518518,0.09098888888888888,0.0,9.503240740740742,60.43287037037037,2.0972222222222223,8.98574074074074,0.006085648148148148,233.5759259259259,99.9937037037037,10.0
2016-07,2016-07-16 00:00:00,6.190232974910394,6.29706541218638,6.082661290322581,79.81294802867383,2.5950044802867382,2.144959677419355,0.35845878136200715,5.810237455197132,5.935483870967742,5.962410394265233,5.708221326164875,767.1980958781362,0.007168458781362007,0.04587813620071684,55.984991039426525,0.8025403225806451,64.88620071684588,0.08434968637992832,1.478494623655914e-05,11.398812724014338,55.464381720430104,2.6485663082437276,10.639247311827956,0.00610663082437276,233.60954301075267,99.99733422939067,10.0
2016-08,2016-08-16 00:00:00,10.743772401433693,10.895071684587814,10.590277777777777,62.04771505376344,2.7435483870967743,3.9695340501792113,0.6624439964157707,10.021505376344086,10.406294802867382,10.07208781362007,9.734923835125448,764.6601254480287,0.003987455197132617,0.025492831541218636,108.43212365591398,1.5543929211469534,124.18951612903226,0.05488597670250896,0.0021841397849462364,15.203920250896056,47.37343189964158,3.894018817204301,14.047871863799283,0.015739247311827957,233.60887096774192,99.98438620071686,10.0
2016-09,2016-09-15 12:00:00,11.705578703703704,11.869421296296297,11.541898148148148,56.696296296296296,2.0250231481481484,2.188009259259259,0.3659537037037037,7.3908101851851855,11.649652777777778,10.866967592592593,10.811527777777778,768.4443749999999,0.003981481481481482,0.032638888888888884,151.55601851851853,2.172648148148148,169.75509259259258,0.04986759259259259,0.0038372685185185185,17.683935185185184,38.0574074074074,3.079861111111111,16.213194444444444,0.018613425925925926,233.51736111111111,99.9754398148148,10.0
2016-10,2016-10-16 00:00:00,14.86568100358423,15.007347670250896,14.724820788530465,67.42450716845877,7.877934587813621,1.741621863799283,0.291491935483871,7.269847670250896,14.828270609318997,14.429883512544803,14.392114695340503,764.1070788530466,0.02836021505376344,0.2283154121863799,185.47177419354838,2.658754480286738,210.2549283154122,0.03034094982078853,0.0062614247311827955,21.11048387096774,46.10797491039426,8.830040322580645,20.30015681003584,0.02060483870967742,233.48924731182797,99.98328853046594,10.0
2016-11,2016-11-15 12:00:00,19.816872987117552,19.983512479871177,19.65037540257649,49.230716586151374,7.622740539452495,2.111658615136876,0.3533766103059582,9.800447866344605,19.790206320450885,19.08654186795491,19.059967793880837,761.1659128421901,0.0006018518518518519,0.0077314814814814815,277.8418880837359,3.982882145732689,300.31946457326893,0.013826519726247988,0.024129247181964575,26.21027073268921,35.12367149758454,9.454302536231884,25.444816827697263,0.034162540257648956,233.61849838969405,99.99238425925927,10.0
2016-12,2016-12-16 00:00:00,23.23736559139785,23.416442652329746,23.05779569892473,43.04099462365591,8.732459677419355,2.2823476702508962,0.38175179211469534,10.188306451612902,23.196639784946235,22.525716845878136,22.484610215053763,757.9782034050179,0.00017921146953405018,0.003942652329749104,308.3443100358423,4.42008064516129,334.4301075268817,0.00547155017921147,0.03953449820788531,34.42457437275986,24.870967741935484,11.167181899641578,33.94675179211469,0.039840949820788535,233.58490143369175,99.98035394265234,10.0
2017-01,2017-01-16 00:00:00,23.794198028673833,23.978158602150536,23.612948028673834,44.50828853046595,9.53774641577061,1.9150089605734768,0.3204166666666667,9.031922043010752,23.78252688172043,23.189717741935485,23.17780017921147,759.0177867383512,0.0,0.0,301.182123655914,4.317486559139785,320.90232974910396,0.004988351254480287,0.04290568996415771,36.49569892473119,22.651881720430108,11.537701612903225,36.07965949820788,0.03927867383512545,233.649417562724,99.99558691756273,10.0
2017-02,2017-02-14 12:00:00,23.066319444444446,23.244568452380953,22.88794642857143,57.87103174603175,13.202058531746031,1.4101934523809523,0.23612599206349208,6.16515376984127,23.058556547619048,23.230084325396827,23.22234623015873,759.1662202380952,0.0006448412698412699,0.010317460317460317,226.35714285714286,3.2448859126984124,246.6125992063492,0.006039930555555556,0.038911706349206356,29.42405753968254,36.06646825396825,12.663789682539683,29.28060515873016,0.029184027777777777,233.69469246031744,99.98291170634921,10.0
2017-03,2017-03-16 00:00:00,18.49540770609319,18.66014784946237,18.333467741935483,65.40232974910394,10.666353046594981,1.2995295698924731,0.21762768817204303,6.03214605734767,18.48530465949821,18.29195788530466,18.281586021505376,761.827620967742,0.02450716845878136,0.4506272401433692,170.8366935483871,2.4490008960573477,185.3378136200717,0.017364471326164876,0.01849260752688172,23.789112903225806,43.75403225806452,10.35508512544803,23.22502240143369,0.02060483870967742,233.74663978494624,99.98575268817204,10.0
2017-04,2017-04-15 12:00:00,13.545902777777776,13.681064814814816,13.412453703703704,74.68472222222222,8.562129629629629,1.2731712962962964,0.21322453703703703,5.561712962962963,13.538657407407408,13.30113425925926,13.293680555555557,764.1974074074075,0.02222222222222222,0.2736574074074074,110.52986111111112,1.584502314814815,124.90879629629629,0.036727083333333334,0.0034747685185185185,17.902916666666666,55.97106481481481,8.885555555555555,17.296087962962964,0.012425925925925925,233.7101851851852,99.98803240740742,10.0
2017-05,2017-05-16 00:00:00,9.779995519713262,9.917495519713261,9.642652329749104,74.16285842293908,4.7331541218638,0.807168458781362,0.13522401433691755,3.699955197132616,9.762970430107528,9.441980286738351,9.425,764.6239471326164,0.0015232974910394268,0.005152329749103942,65.45609318996416,0.938290770609319,74.49932795698925,0.06084475806451613,0.0014446684587813622,14.233467741935485,52.436603942652326,4.552732974910394,13.40421146953405,0.007907706093189965,233.67204301075267,99.99451164874553,10.0
2017-06,2017-06-15 12:00:00,7.502037037037037,7.616944444444444,7.386435185185186,71.64953703703705,1.996550925925926,2.787685185185185,0.46536805555555555,7.93300925925926,7.22863425925926,7.088935185185185,6.814930555555555,763.7345138888888,0.003564814814814815,0.019259259259259257,47.80902777777778,0.6853194444444444,54.5625,0.07531851851851852,9.768518518518519e-05,11.26013888888889,51.39652777777778,1.4986111111111111,10.422708333333333,0.007590277777777778,233.6476851851852,99.9992824074074,10.0
2017-07,2017-07-16 00:00:00,7.14068100358423,7.294018817204301,6.988552867383512,69.00627240143369,0.9596102150537634,1.5515456989247314,0.25946684587813623,5.56122311827957,7.0307347670250895,6.668122759856631,6.557750896057348,766.7070788530466,0.008826164874551972,0.052060931899641574,67.7181899641577,0.9707594086021506,77.9146505376344,0.07813552867383512,0.00041218637992831536,13.734072580645162,45.40232974910394,1.7839605734767026,12.584274193548387,0.008452060931899642,233.56048387096774,99.99773745519714,10.0
2017-08,2017-08-16 00:00:00,12.237092594831942,12.393764501913317,12.082833140679295,60.61786841802372,3.5411869615872313,2.31899215756629,0.38761646473234773,7.084939170776323,12.126485500075955,11.626618452794041,11.516119856106776,763.8068061096046,0.012717807656312865,0.16340564353822418,137.95043981607444,1.977520970643304,153.0394118300981,0.05161473180753593,0.009040031091566663,19.016692003533397,40.16759264418308,4.551663124404179,17.928567217208663,0.017617757442278326,227.69819252526685,98.33101152246338,10.0
2017-09,2017-09-15 12:00:00,14.0939545529887,14.247486992201038,13.942134404713995,57.42488737390443,4.51382224187442,2.7439103285377073,0.4585831483543476,8.558004111266456,13.980302781603033,13.421341328869087,13.307893726418001,763.778649581992,0.009713655336157229,0.14321834672937772,150.8832839339746,2.1629276774166852,167.0724492873115,0.040427406330319424,0.010736967313137403,18.851840888577964,42.35125830768858,5.131291128637118,17.87563003056437,0.0201560280822578,227.48616199187137,98.25780912876772,10.0
2017-10,2017-10-16 00:00:00,15.723051075268817,15.89823028673835,15.55038082437276,45.093637992831546,2.539516129032258,3.2915770609318997,0.5497894265232975,11.663060035842294,15.56975806451613,14.534117383512545,14.380510752688172,761.2222446236559,0.00022401433691756272,0.0008064516129032258,222.89112903225808,3.195194892473118,248.54525089605733,0.02707885304659498,0.008951836917562725,23.130129928315412,29.45250896057348,4.117338709677419,21.712074372759858,0.029106182795698925,233.22535842293908,99.98420698924731,10.0
2017-11,2017-11-15 12:00:00,18.540457930756848,18.707527173913043,18.375778985507246,52.14362922705314,6.855643115942029,2.1026519726247987,0.3517726449275363,9.252138687600645,18.506079911433172,17.749913446054748,17.715557568438,760.6346598228663,0.0076388888888888895,0.029732286634460547,275.840750805153,3.9542355072463766,302.840539452496,0.017873902979066023,0.019308695652173913,27.445364331723024,33.09945652173913,9.196290257648952,26.592523148148146,0.03285134863123994,233.15813204508856,99.97965277777777,10.0
2017-12,2017-12-16 00:00:00,22.52423835125448,22.69921594982079,22.35049283154122,44.80465949820788,8.577374551971326,2.559363799283154,0.4281048387096774,10.556944444444445,22.50625,21.7391353046595,21.721438172043012,759.4919130824373,0.004480286738351254,0.38257168458781365,225.50560035842295,3.232647849462366,248.899417562724,0.006637544802867383,0.035747535842293905,31.338687275985663,29.08445340501792,10.88788082437276,30.56689068100358,0.03161962365591398,232.88664874551972,99.98646953405019,10.0
2018-01,2018-01-16 00:00:00,24.05609318996416,24.237432795698926,23.875560035842295,46.971326164874554,10.649507168458781,1.9285170250896058,0.3227060931899642,8.831093189964157,24.044959677419353,23.690255376344087,23.679121863799285,758.7191532258065,0.0023297491039426525,0.009229390681003584,201.97020609318994,2.8953024193548385,219.3160842293907,0.004082213261648745,0.04381675627240143,34.98021953405018,26.809139784946236,12.816778673835126,35.03543906810036,0.028584229390681,233.64404121863797,99.98725358422938,10.0
2018-02,2018-02-14 12:00:00,23.597619047619048,23.776041666666664,23.419295634920637,55.69072420634921,12.847941468253968,1.178249007936508,0.19754712301587302,6.1404265873015875,23.596378968253966,23.811061507936508,23.80982142857143,760.1534970238096,0.004464285714285714,0.027132936507936505,251.49578373015873,3.605262896825397,272.2785218253968,0.006516617063492063,0.04306994047619047,35.66512896825397,29.188492063492067,14.315352182539682,36.68333333333334,0.03163194444444444,233.48883928571428,99.99749503968255,10.0
2018-03,2018-03-16 00:00:00,17.657661290322583,17.85562275985663,17.46023745519713,57.98700716845878,7.874350358422939,1.243772401433692,0.20834453405017922,6.086491935483871,17.644354838709678,17.13707437275986,17.12385752688172,760.3578181003584,0.0014336917562724014,0.011424731182795697,179.94242831541217,2.579424283154122,195.0114247311828,0.024375672043010752,0.019670250896057347,28.190815412186378,30.370519713261647,8.911043906810036,27.405936379928317,0.02241935483870968,233.51993727598565,99.98508064516129,10.0
2018-04,2018-04-15 12:00:00,14.818726851851853,14.990462962962964,14.648796296296297,63.29884259259259,6.674074074074074,1.4694212962962963,0.2459212962962963,6.150625000000001,14.798657407407408,14.308587962962964,14.288773148148149,762.9844444444444,4.62962962962963e-05,0.0,114.30439814814814,1.6385208333333334,126.82569444444445,0.03491388888888889,0.010505787037037037,25.411921296296295,31.375462962962963,7.034953703703704,24.353217592592593,0.01510185185185185,233.3773148148148,99.98530092592593,10.0
2018-05,2018-05-16 00:00:00,11.004757719252408,11.146432362867461,10.862426582706979,72.78728820411315,5.463817123220265,1.2159290016958981,0.20350480464067539,4.326237547121742,10.96780677234698,10.660017742451952,10.623164658541292,765.2153280958565,0.006734734354896256,0.06773471160923775,81.82471925427919,1.1729534356067546,92.48428192721545,0.054585851989378244,0.0036108752725430436,20.631027574654404,39.45987153914881,6.01394662082554,19.49080483254211,0.009917260358648388,231.23081180193952,99.44009587871155,10.0
2018-06,2018-06-15 12:00:00,5.87761574074074,6.012037037037037,5.744560185185184,71.55949074074074,0.43150462962962965,1.5617129629629631,0.2610277777777778,5.267222222222222,5.76900462962963,5.476643518518518,5.367662037037037,766.1493287037036,0.005694444444444445,0.034861111111111114,57.6525462962963,0.8265324074074074,64.76527777777777,0.08661481481481483,0.00010972222222222222,18.240231481481484,33.590509259259264,1.6861111111111111,16.59726851851852,0.007238425925925926,232.9865740740741,99.94358796296297,10.0
2018-07,2018-07-16 00:00:00,6.181406810035842,6.283870967741936,6.080913978494624,75.65277777777779,1.6750672043010753,2.0190860215053763,0.337921146953405,6.303875448028673,5.991375448028673,5.886335125448029,5.696281362007168,768.8506720430108,0.015322580645161291,0.08839605734767025,58.47804659498208,0.8383176523297491,66.91868279569891,0.08438799283154122,0.0,14.372087813620071,44.89135304659498,1.9764336917562724,13.236424731182796,0.006823476702508961,232.74820788530465,99.95983422939068,10.0
2018-08,2018-08-16 00:00:00,8.731698028673836,8.88828405017921,8.573611111111111,58.11536738351255,-0.1793906810035842,1.8587589605734767,0.3106429211469534,5.983579749103942,8.620250896057348,7.969041218637993,7.857437275985663,766.6133512544803,0.0004032258064516129,0.001881720430107527,102.95519713261649,1.4758579749103944,116.75627240143369,0.06777979390681003,0.0010893817204301074,19.89417562724014,30.85259856630824,1.74336917562724,18.250716845878138,0.012977150537634409,229.97110215053763,99.31908602150537,10.0
2018-09,2018-09-15 12:00:00,12.969054960404032,13.128704016133245,12.809107741606699,55.62916928825452,2.898946047654954,2.629673119895284,0.43951170090445746,7.864347644345732,12.852244046707346,12.207200295728718,12.090557968524047,764.7654950480162,0.007290243032268374,0.11471732125006064,151.10872403922363,2.1661561216573424,164.0050345040301,0.04634591523357108,0.008887994703227634,21.55493266336863,35.09008709243541,4.487061052347091,20.468167351983247,0.01992191530981556,228.31395933893836,98.59767418889662,10.0
2018-10,2018-10-16 00:00:00,14.112675451788354,14.258963079930822,13.968316540090733,60.13558036945134,5.218546193949419,2.6479772915256787,0.44251618229440814,9.493844148682857,13.988911603629345,13.456724346442089,13.332489911522169,764.0511288442741,0.01299283154121864,0.08346774193548387,187.3795977767752,2.686235603554152,212.44110616086422,0.035550422024212346,0.006237679211469534,27.596521981602628,28.405243502017697,7.359959238789884,26.50212234002557,0.02231356680953455,229.64042565857082,99.2822217209314,10.0
2018-11,2018-11-15 12:00:00,18.64005535426731,18.804682971014493,18.477439613526567,55.88460144927536,8.207386272141708,1.811466384863124,0.3033695652173913,8.921978663446055,18.625836352657007,18.047272544283416,18.033122987117554,760.8846074879226,0.015324074074074075,0.14388888888888887,262.7564412238325,3.766634863123994,292.22293679549114,0.0172010768921095,0.01932644927536232,31.347837157809984,29.682719404186795,11.291346618357489,30.647213164251205,0.030983796296296294,230.55125805152977,99.71972826086956,10.0
2018-12,2018-12-16 00:00:00,21.529659498207888,21.70418906810036,21.356563620071686,49.156362007168454,8.928561827956988,2.236155913978495,0.37409946236559144,9.325358422939068,21.506720430107528,20.862320788530468,20.839180107526882,760.0671370967742,0.0017025089605734766,0.009991039426523298,304.47625448028674,4.364713261648745,331.72625448028674,0.010106854838709677,0.03230577956989247,31.49590053763441,29.999327956989244,11.666778673835127,30.862074372759857,0.037999551971326165,229.0636200716846,99.44117383512545,10.0
2019-01,2019-01-16 00:00:00,22.661603942652327,22.84997759856631,22.474417562724017,44.67809139784946,8.392316308243727,1.8176747311827957,0.30452508960573477,7.93763440860215,22.660931899641575,21.947939068100357,21.947155017921144,759.3373431899641,0.00013440860215053766,0.0008064516129032258,254.50179211469535,3.6483266129032255,272.66061827956986,0.00825918458781362,0.03830421146953405,32.3668458781362,26.406362007168457,10.483064516129033,31.51379928315412,0.031960125448028676,228.43436379928315,98.29101702508962,10.0
2019-02,2019-02-14 12:00:00,21.83732638888889,22.042237103174603,21.63231646825397,51.22222222222222,10.046502976190476,3.121329365079365,0.5221800595238096,8.617311507936508,21.82673611111111,21.526736111111113,21.515798611111112,760.7506200396825,0.004117063492063492,0.09370039682539681,0.0,0.0,0.0,0.011187251984126984,0.03552628968253968,30.767410714285713,32.180059523809526,12.011830357142857,30.443675595238094,0.0,198.90550595238096,87.23214285714286,10.0
2019-03,2019-03-16 00:00:00,16.65367243634063,16.82557037764561,16.481803421375705,56.95106954209088,6.774549204568604,2.771638786520938,0.4633726452747801,8.707947191041127,16.580157507587653,16.047419300559405,15.973719465330985,762.6433685537329,0.0052922734647400365,0.0841071679501819,129.31284376314233,1.853734941582619,141.4709288271827,0.02742467870676747,0.015609653470025088,23.319426669592755,37.84115634789894,7.464907034886267,22.411380770898226,0.016704349474095388,220.98770643007705,95.65309854586276,10.0
2019-04,2019-04-15 12:00:00,14.569938369096592,14.767816104668379,14.3781099361618,64.82081289564242,6.932551125544653,2.300155162692731,0.3850917133010704,6.433708530609616,14.538069331053343,14.105653630339987,14.073890625624973,763.2734806607592,0.0032164879882688874,0.2323013475405087,25.20749193251997,0.36135784071030186,27.49127091708318,0.03573259838661204,0.009542733266346257,20.273034043279207,42.16633760635946,6.624197829267371,19.270133337644047,0.003416887988369632,202.99660202818595,88.83607341671112,10.0
2019-05,2019-05-16 00:00:00,10.14516129032258,10.286827956989248,10.006025985663083,75.30421146953405,5.39222670250896,2.422513440860215,0.4052912186379929,6.268212365591398,10.064135304659498,9.827396953405017,9.745855734767025,764.5870519713261,0.008915770609318996,0.0646057347670251,12.103046594982079,0.17352374551971325,14.578853046594983,0.05795564516129032,0.0010978942652329748,13.78483422939068,55.43929211469534,4.921124551971326,13.021236559139785,0.0013306451612903226,207.5878136200717,90.51521057347671,10.0
2019-06,2019-06-15 12:00:00,7.991226851851851,8.107685185185185,7.875532407407407,73.84560185185185,3.043865740740741,2.377638888888889,0.3971342592592593,7.1880092592592595,7.799513888888888,7.633171296296297,7.441111111111111,763.9978935185186,0.006527777777777779,0.03199074074074074,52.01064814814814,0.7455833333333334,59.58657407407407,0.07190347222222222,7.314814814814815e-05,9.288125,61.6824074074074,2.219513888888889,8.800300925925926,0.00744212962962963,232.70717592592592,99.87863425925926,10.0
2019-07,2019-07-16 00:00:00,6.680824372759856,6.818189964157706,6.542876344086021,68.39829749103943,0.486402329749104,1.8648297491039425,0.3115748207885305,5.8277553763440855,6.539986559139784,6.171729390681004,6.0307571684587815,765.9775985663082,0.0022401433691756267,0.0008960573476702509,65.78875448028674,0.943073476702509,74.24596774193549,0.08105779569892474,0.00013216845878136202,8.433019713261649,57.38351254480287,0.3187051971326165,7.854726702508961,0.00886872759856631,232.1108870967742,99.90672043010753,10.0
2019-08,2019-08-16 00:00:00,8.580510752688172,8.722782258064516,8.43799283154122,60.85954301075269,0.3967741935483871,2.7636424731182796,0.4617271505376344,8.303472222222222,8.380712365591398,7.903942652329749,7.70483870967742,767.8676075268817,0.0015232974910394266,0.004077060931899641,90.61357526881721,1.2989404121863801,103.76120071684588,0.06904435483870969,0.0013116039426523298,11.08241487455197,47.900313620071685,0.24693100358422948,10.189224910394266,0.01257168458781362,233.19556451612902,99.98431899641577,10.0
2019-09,2019-09-09 00:00:00,8.530376317193545,8.664254034947312,8.399299719887956,60.24077130852341,0.17119347739095642,2.8385854341736696,0.4743584933973589,8.680239595838335,8.296922935841003,7.8522150526877414,7.618516573295985,767.7379301720689,0.0029411764705882353,0.002859477124183007,112.33857709750566,1.6103678971588637,125.76120448179272,0.06866033913565427,0.0005788398692810457,11.846740362811792,45.9970238095238,0.3692151860744297,10.865041850073363,0.014045868347338937,233.4106726023743,99.98872549019609,10.0
