,60040,60075,60160,60300,60440,60460,60610,60771,60933,60947,60955,61250,61271,61383,62053
2010-01-01 00:00:00,191.43200000000002,192.01500000000001,194.18,195.252,197.18,197.338,198.18,199.61884886289548,199.95000000000002,198.909337608721,202.46699999999998,202.97299999999998,202.957,203.53500000000003,190.675
2010-02-01 00:00:00,191.52200000000002,191.985,194.07000000000002,195.132,196.62,197.308,197.48,199.5,200.33,198.74381245820157,202.337,202.893,203.00699999999998,203.25500000000002,190.605
2010-03-01 00:00:00,191.71200000000002,192.555,193.92991609013507,195.252,196.57999999999998,197.26799999999997,197.18,199.85,199.99,198.59330482327417,202.257,202.243,202.607,203.205,190.635
2010-04-01 00:00:00,191.592,192.53500000000003,193.45000000000002,195.752,196.82999999999998,197.22799999999998,197.51,199.52,200.41974323012766,198.88382513844118,202.6917217136444,202.57517473368267,203.01216530770373,203.46257675131767,190.845
2010-05-01 00:00:00,191.942,192.26500000000001,194.09,195.082,196.57,197.04873656488166,197.26,199.52,199.95000000000002,198.535,202.357,202.143,202.607,203.00500000000002,190.485
2010-06-01 00:00:00,191.342,191.775,193.47,194.742,196.20999999999998,196.718,197.04,199.28,200.16006223829294,198.45899566339776,202.127,202.14575769946507,202.91570145627517,203.42665873065067,190.145
2010-07-01 00:00:00,191.27200000000002,191.75500000000002,192.91,194.602,196.04999999999998,196.688,196.88,199.1,200.05619023735088,198.2966583955402,201.9326159972815,202.0623496454074,202.8362550986619,203.36844408601803,189.945
2010-08-01 00:00:00,191.262,191.935,192.67000000000002,194.722,196.01999999999998,196.868,197.29999999999998,199.07,199.96,198.065,201.817,202.21444907177462,202.62478405853136,203.0899855723735,190.485
2010-09-01 00:00:00,191.562,191.81500000000003,191.5816655477621,194.282,196.34,196.238,197.32999999999998,199.76,200.55,198.67221784231037,202.427,202.21545680220044,202.92425047618582,203.58592116537073,190.805
2010-10-01 00:00:00,191.582,192.50500000000002,194.28,195.352,196.29,197.72799999999998,198.28,199.99,200.58,198.785,202.697,202.64524777100996,202.9044159121143,203.4448889361242,190.795
2010-11-01 00:00:00,191.622,192.38500000000002,194.26000000000002,195.352,196.19,196.808,197.28,199.52,200.54000000000002,198.85345377654002,202.99699999999999,202.893,202.99699999999999,203.775,190.585
2010-12-01 00:00:00,191.912,192.745,194.15,195.332,196.72,197.31799999999998,197.28,199.68,200.03,198.84583993870422,202.867,202.53660578937345,203.09002557171704,203.57746505630047,190.775
2011-01-01 00:00:00,191.312,191.82500000000002,193.16,194.772,196.19,196.428,197.5,199.51,200.16000000000003,198.66917206913425,202.707,203.393,203.25699999999998,203.435,190.535
2011-02-01 00:00:00,191.65200000000002,191.935,194.10000000000002,195.37199999999999,196.5,197.178,197.57,200.09,200.27,198.755,202.457,203.043,202.957,203.155,190.455
2011-03-01 00:00:00,191.842,192.705,194.10000000000002,195.422,196.54,197.07799999999997,197.48,200.07,200.15,198.525,202.117,202.793,202.707,202.905,190.445
2011-04-01 00:00:00,191.822,192.26736148170335,194.39000000000001,195.352,195.48,197.00799999999998,197.41,199.6,200.3,198.575,202.227,202.39322104681025,202.90406272576104,203.52351916464937,190.305
2011-05-01 00:00:00,191.752,192.305,193.45000000000002,194.832,196.4,196.84799999999998,197.14,199.37,199.97000000000003,198.165,202.007,202.713,202.65699999999998,202.69500000000002,190.305
2011-06-01 00:00:00,191.562,192.16500000000002,193.41,194.762,196.26,196.428,197.14,199.4,199.98000000000002,198.125,201.847,202.643,202.457,202.655,190.005
2011-07-01 00:00:00,191.752,192.04041407654952,193.49,194.732,195.93,196.56799999999998,196.76,198.89000000000001,199.96,197.95499999999998,201.707,202.66299999999998,202.50699999999998,203.595,190.025
2011-08-01 00:00:00,191.702,192.26500000000001,193.01000000000002,194.712,196.38,196.84799999999998,197.42,198.79,199.96,197.805,201.527,202.623,202.457,203.56500000000003,190.065
2011-09-01 00:00:00,191.642,192.51500000000001,194.05,195.232,196.0,196.22799999999998,197.21,199.22,200.0,197.915,201.93699999999998,202.653,202.50699999999998,203.60500000000002,190.685
2011-10-01 00:00:00,191.612,192.365,194.09,194.802,196.70999999999998,197.26799999999997,197.42,199.36,200.70000000000002,198.85265934654885,202.587,202.713,202.617,203.675,190.76500000000001
2011-11-01 00:00:00,191.56640529863216,192.17181764635075,192.8055056156731,195.2244325219434,196.55736150741492,197.238,197.48,199.64000000000001,200.79000000000002,198.88722481782102,202.607,202.543,202.90699999999998,203.35500000000002,190.495
2011-12-01 00:00:00,191.532,192.305,194.41,195.322,196.73999999999998,197.208,197.56,199.39000000000001,200.4,198.8559226090196,202.557,203.043,203.027,203.81500000000003,190.61672154643057
2012-01-01 00:00:00,191.602,192.79500000000002,193.38000000000002,195.282,196.64,197.218,197.54999999999998,199.613726034662,200.43,198.77578174257823,202.617,202.613,202.457,203.57500000000002,190.535
2012-02-01 00:00:00,191.542,192.75500000000002,193.31,195.222,196.57,197.16799999999998,197.53,199.22,200.33,198.6532964391859,202.517,202.583,202.397,203.525,190.675
2012-03-01 00:00:00,191.692,192.625,194.28,195.582,196.26,197.07799999999997,198.28,199.17000000000002,200.16000000000003,198.3782082709679,201.977,202.113,202.53699999999998,202.985,190.145
2012-04-01 00:00:00,191.40200000000002,192.185,194.32000000000002,195.09199999999998,196.1,197.058,198.26999999999998,199.19,200.10000000000002,198.48286290670848,202.257,202.19299999999998,202.647,203.025,190.665
2012-05-01 00:00:00,190.592,191.365,193.0,195.402,196.1,197.00799999999998,197.12,199.31,199.98000000000002,198.265,201.99699999999999,202.093,202.457,202.955,190.195
2012-06-01 00:00:00,191.232,192.145,194.21,194.262,196.0,197.128,197.22,199.20000000000002,199.97000000000003,198.095,201.677,202.093,202.53699999999998,202.935,190.565
2012-07-01 00:00:00,191.232,192.145,194.21,194.262,196.0,197.128,197.22,199.20000000000002,199.97000000000003,198.095,201.677,202.093,202.53699999999998,202.935,190.565
2012-08-01 00:00:00,191.52127601744897,192.1968433671374,192.25562945675838,195.09356306070615,196.50779459808763,197.1764576781209,197.30673898799475,199.56791488271392,200.33933066432832,198.7389138504991,202.4395231535795,202.3915970606539,203.0205579233708,203.50607360131892,190.675
2012-09-01 00:00:00,191.482,192.615,194.23000000000002,195.402,196.6,197.29730852806895,197.40549180844306,199.53845004640112,200.35000000000002,198.695,201.697,202.4165212197313,202.77991693535927,203.32676723126247,190.51500000000001
2012-10-01 00:00:00,191.482,192.41500000000002,194.26000000000002,195.402,196.6,197.07799999999997,197.98,199.33,200.47000000000003,198.86499999999998,202.707,202.524315936898,202.76638454476023,203.3823972919559,190.475
2012-11-01 00:00:00,191.632,191.875,193.91,195.352,196.2,197.218,197.57999999999998,199.38,200.48000000000002,199.035,202.767,203.69299999999998,202.577,203.675,190.465
2012-12-01 00:00:00,191.842,191.965,194.01000000000002,195.432,196.57516220391946,197.118,197.66,199.39000000000001,200.49,199.14499999999998,202.817,203.893,202.707,203.805,190.375
2013-01-01 00:00:00,191.692,192.465,194.22,195.352,196.57,197.31799999999998,197.26999999999998,199.42000000000002,200.41000000000003,198.965,202.537,203.593,202.65699999999998,203.735,190.615
2013-02-01 00:00:00,191.842,192.54500000000002,194.10000000000002,195.422,196.59,197.188,197.47,199.22,200.41000000000003,198.595,202.43699999999998,203.593,202.50699999999998,203.625,190.535
2013-03-01 00:00:00,191.4468135726576,192.1638263913761,195.1466699284416,194.99100062801014,196.3423241608187,196.66799999999998,197.32999999999998,199.21,200.20000000000002,198.565,202.387,203.44299999999998,202.40699999999998,203.57500000000002,190.465
2013-04-01 00:00:00,191.862,192.645,194.25,195.382,196.53,197.628,197.18,199.63,199.88000000000002,198.48499999999999,202.167,202.38299999999998,202.99016172978193,203.41500000000002,190.105
2013-05-01 00:00:00,191.49181798313734,192.0849582784778,191.46367597987728,195.01282015192297,196.44646020317836,197.07060118747134,197.2058741003044,199.50419221608314,200.2792753860067,198.6620412223494,202.3375853400541,202.30475836552156,203.00978551063736,203.50747456638751,190.405
2013-06-01 00:00:00,191.292,191.34500000000003,192.82000000000002,194.732,196.12,197.028,198.12,199.3,200.2081935710653,198.56399400878232,202.04993189799137,202.323,202.7628953310952,203.35500000000002,189.925
2013-07-01 00:00:00,191.062,191.205,192.74,194.222,195.98,196.32799999999997,196.60999999999999,199.07832506030698,200.01453008214855,198.22916574774757,201.78284874776617,201.89444397170644,202.92364599022346,203.4048285251213,189.945
2013-08-01 00:00:00,191.162,191.185,192.4,194.222,195.85,196.26799999999997,196.66,198.76,199.94088319451382,198.715,201.267,202.073,202.50699999999998,202.905,189.915
2013-09-01 00:00:00,191.362,191.585,192.67000000000002,194.402,196.12,196.81799999999998,196.88,199.22,200.13286888837337,198.40780281054597,201.97930321142698,202.08275356412554,202.947791461581,203.45438852849668,190.245
2013-10-01 00:00:00,191.61271140624382,192.3757005924735,192.16928885448263,195.36198475853988,196.63081070996816,197.54799999999997,197.82,199.77,200.44499817201728,198.9275443463332,202.62238517653776,202.54484674321725,203.01915504725957,203.518085498596,190.67846722936844
2013-11-01 00:00:00,191.65901837834843,192.46473237777326,194.80121114429008,195.3630314793929,196.56117435089058,197.398,197.57,199.76,200.38827088256772,198.88379282207254,202.58035159398042,203.94299999999998,202.72699999999998,203.85500000000002,190.505
2013-12-01 00:00:00,191.51868424669192,192.12290419348838,191.42269115379082,195.08125183988867,196.48607187717866,197.07799999999997,197.35999999999999,199.62,200.31514626197907,198.71816312820576,202.39901719879555,202.34103326128928,203.0123366235529,203.51714563356316,190.415
2014-01-01 00:00:00,191.43929426480605,192.1784018304415,193.72694383579272,195.17283562367896,196.4520809313462,196.94799999999998,198.15,199.3,200.29372977125206,198.63402569870547,202.36488961281734,202.49258749782973,202.62295081678624,203.19497906831526,190.715
2014-02-01 00:00:00,191.49400005975303,192.09324606282303,191.5223392003872,195.01880110812917,196.4510034916902,197.07844240900096,197.2133455734667,199.50891241361134,200.28372392514166,198.66773549110124,202.34513628920416,202.31119086145733,203.0105834671361,203.50737079119725,190.425
2014-03-01 00:00:00,191.36857909256224,191.86586887399045,192.07817188238397,194.78181734629845,196.31325567085477,196.35799999999998,197.17,199.33,200.16925597088235,198.43865988782483,202.14919365141532,202.18736380054665,202.82277447538004,203.36338309069512,190.405
2014-04-01 00:00:00,191.042,192.01500000000001,193.01000000000002,194.832,196.73999999999998,196.128,197.31,199.54,200.21396188738748,198.50287551235257,202.29914160005032,202.073,202.50699999999998,202.955,190.805
2014-05-01 00:00:00,191.5362301278367,192.06731794147308,191.2207106662387,195.07394335942817,196.5276303967239,196.56799999999998,197.48,199.97,200.3600403990512,198.75643079163322,202.47527056727714,202.31852179543637,203.02856407956824,203.55840228284956,190.44647742837117
2014-06-01 00:00:00,190.892,191.94500000000002,194.11,195.152,196.44,196.878,197.46,199.17000000000002,200.17512397484822,198.48621196964143,202.24699999999999,202.063,202.487,202.905,190.37684143027593
2014-07-01 00:00:00,190.90200000000002,192.025,193.99,194.322,195.85999999999999,196.88799999999998,197.22,198.94,199.09,198.155,201.887,202.1845114982312,202.57519911870412,203.01501551512916,190.445
2014-08-01 00:00:00,190.792,191.875,194.11,194.652,196.03,196.75799999999998,197.06,198.95000000000002,200.03417887880894,198.21836975304558,201.95443626050178,202.063,202.47699999999998,202.895,190.405
2014-09-01 00:00:00,190.872,191.805,194.06,194.632,196.09,197.088,197.31,199.71,200.3109451399902,198.66073152521113,202.33900753630542,202.29653900201748,203.032688328766,203.48757223452606,190.775
2014-10-01 00:00:00,191.832,192.26500000000001,193.9,195.302,196.57,197.54799999999997,197.82,199.77,201.26000000000002,198.845,202.607,202.16299999999998,202.577,203.04500000000002,190.715
2014-11-01 00:00:00,191.092,192.335,194.05,195.182,196.68,197.398,197.57,199.76,200.34246574856562,198.76770270104993,202.4963931303848,202.113,202.62699999999998,203.07500000000002,190.565
2014-12-01 00:00:00,191.58571246501663,192.26028328716936,191.43462979062645,195.1972857990004,196.56854179301916,197.428,197.32999999999998,199.72,200.3867793103129,198.84522509578,202.52248901882888,202.41779537891242,203.12503145497763,203.6004955637805,190.545
2015-01-01 00:00:00,191.4908378989433,192.08129820137077,191.43815395037268,195.01015905790086,196.44443836530232,197.06711885392014,197.20258570330503,199.50208449395586,200.27730063508153,198.65950252592737,202.33422767366676,202.30191174091289,203.00939873845977,203.50747509553702,190.39619618567608
2015-02-01 00:00:00,191.412,192.06500000000003,194.09,194.822,196.45999999999998,197.57799999999997,197.39,199.37,200.23956907729158,198.59846597488303,202.19879938245742,202.073,202.59699999999998,203.04500000000002,190.385
2015-03-01 00:00:00,191.562,192.31500000000003,193.99,195.152,196.6,197.748,197.21,199.62,200.92000000000002,198.525,202.387,202.043,202.457,203.00500000000002,190.775
2015-04-01 00:00:00,191.672,192.375,194.07000000000002,195.052,196.7,197.588,197.57999999999998,199.73000000000002,200.43,198.545,202.287,202.113,202.53699999999998,202.94500000000002,190.775
2015-05-01 00:00:00,191.512,192.06500000000003,193.91,194.982,196.45,196.85799999999998,197.22,199.32,200.1710981224903,198.44422130286208,202.1382722144039,202.063,202.49699999999999,202.905,190.325
2015-06-01 00:00:00,190.952,192.04500000000002,193.91,194.742,196.16,196.928,197.44,199.1,200.01000000000002,198.195,201.917,202.043,202.457,202.88500000000002,190.155
2015-07-01 00:00:00,190.852,191.71396101097457,194.37,194.392,196.76,196.82799999999997,197.06,198.91,200.079186345234,198.39542209484165,202.01198927604293,202.063,202.49699999999999,202.905,190.555
2015-08-01 00:00:00,192.162,192.76500000000001,193.88000000000002,195.392,196.66025709779043,197.4180464873839,197.3618289232504,199.76106309781343,200.40910798022233,198.84184402841188,202.5850526574153,202.51194902056974,203.04752041962612,203.61841628936236,190.575
2015-09-01 00:00:00,191.562,192.625,195.28781136493532,195.352,196.51999999999998,197.44799999999998,197.59,199.63,200.33427241860124,198.67806646329237,202.46326976269378,202.093,202.53699999999998,202.935,190.685
2015-10-01 00:00:00,191.71959760002346,192.68538497922043,194.32270308803902,195.4825309578328,196.76443791167736,197.998,197.68,200.09,200.52961983163615,198.9922076618653,202.7304435605929,202.143,202.65699999999998,202.965,191.035
2015-11-01 00:00:00,191.6279901367165,192.46043145279344,194.00184825770563,195.2312749299419,196.6123139382608,197.528,197.32999999999998,199.9,200.4022890485008,198.7934340123904,202.51635030763612,202.173,202.59699999999998,203.055,190.785
2015-12-01 00:00:00,191.382,191.97500000000002,193.0,195.252,196.76999999999998,197.368,197.42,200.07,200.46205207734795,198.92127832336345,202.56758034866527,202.22299999999998,202.62699999999998,203.07500000000002,190.795
2016-01-01 00:00:00,191.722,192.085,193.57000000000002,195.37199999999999,197.07,196.428,197.46,199.82,200.44000000000003,199.125,202.567,202.243,202.637,202.985,190.375
2016-02-01 00:00:00,191.452,191.88500000000002,194.15,195.352,196.63,197.308,197.28,199.16,200.48000000000002,199.065,202.49699999999999,202.213,202.617,202.97500000000002,190.275
2016-03-01 00:00:00,191.302,192.275,194.15,195.252,196.57,197.648,197.32999999999998,199.72,200.23808422532906,198.385,202.177,202.173,202.577,202.94500000000002,190.455
2016-04-01 00:00:00,191.732,192.895,194.26000000000002,195.362,196.53,197.16799999999998,197.29,199.53,200.27777179137115,198.845,202.287,202.19299999999998,202.607,202.965,190.625
2016-05-01 00:00:00,191.452,191.925,194.14000000000001,195.12199999999999,196.41445478975754,197.028,197.23,199.43,200.2177206837865,198.465,202.18699999999998,202.16299999999998,202.577,202.935,190.395
2016-06-01 00:00:00,191.422,192.205,194.05,194.732,196.42,197.028,197.10999999999999,199.25,200.12262572109796,198.265,202.127,202.463,202.75487788067196,203.205,190.395
2016-07-01 00:00:00,191.24200000000002,191.735,194.04000000000002,194.84199999999998,196.23,196.75799999999998,197.01999999999998,199.19,200.12019467001693,198.41210039805878,202.06622015695126,202.453,202.83865694080697,203.22500000000002,190.135
2016-08-01 00:00:00,191.282,191.585,193.95000000000002,194.452,196.2,195.898,196.60999999999999,199.04,199.94000000000003,198.135,201.917,201.803,202.78699999999998,202.525,189.975
2016-09-01 00:00:00,191.4908378989433,192.08129820137077,191.43815395037268,195.01015905790086,196.44443836530232,197.06711885392014,197.20258570330503,199.50208449395586,200.27730063508153,198.65950252592737,202.33422767366676,202.30191174091289,203.00939873845977,203.50747509553702,190.39619618567608
2016-10-01 00:00:00,191.4908378989433,192.08129820137077,191.43815395037268,195.01015905790086,196.44443836530232,197.06711885392014,197.20258570330503,199.50208449395586,200.27730063508153,198.65950252592737,202.33422767366676,202.30191174091289,203.00939873845977,203.50747509553702,190.39619618567608
2016-11-01 00:00:00,191.4908378989433,192.08129820137077,191.43815395037268,195.01015905790086,196.44443836530232,197.06711885392014,197.20258570330503,199.50208449395586,200.27730063508153,198.65950252592737,202.33422767366676,202.30191174091289,203.00939873845977,203.50747509553702,190.39619618567608
2016-12-01 00:00:00,191.4908378989433,192.08129820137077,191.43815395037268,195.01015905790086,196.44443836530232,197.06711885392014,197.20258570330503,199.50208449395586,200.27730063508153,198.65950252592737,202.33422767366676,202.30191174091289,203.00939873845977,203.50747509553702,190.39619618567608
2017-01-01 00:00:00,191.49200000000002,191.895,193.27,195.37199999999999,196.59,197.41799999999998,196.81,199.45000000000002,200.84,199.015,202.587,201.813,202.797,202.555,190.125
2017-02-01 00:00:00,191.072,191.875,194.03,195.12199999999999,197.13,196.95653736519563,197.2235016221175,199.48447827201664,200.01000000000002,198.67499999999998,202.837,201.793,202.78699999999998,202.53500000000003,190.075
2017-03-01 00:00:00,191.892,192.38500000000002,194.05,195.172,196.44,197.57799999999997,197.23,199.75,200.06,198.70499999999998,202.817,201.783,202.777,202.53500000000003,190.305
2017-04-01 00:00:00,191.49200000000002,191.715,193.79000000000002,195.272,195.95999999999998,197.368,197.32,199.49,200.12652108556034,198.305,201.46699999999998,202.69299999999998,203.90699999999998,203.88456917804126,190.355
2017-05-01 00:00:00,191.422,191.53500000000003,192.67000000000002,194.812,196.42,196.82799999999997,196.82999999999998,199.27,200.01000000000002,198.48499999999999,201.667,202.22299999999998,202.99699999999999,202.955,189.965
2017-06-01 00:00:00,191.322,191.745,193.91,194.632,196.20999999999998,196.938,196.57999999999998,199.12,199.99005712955582,198.005,201.837,201.893,202.84699999999998,202.525,190.155
2017-07-01 00:00:00,191.892,192.305,194.05,195.172,196.44,197.57799999999997,197.23,199.75,200.0923613237644,198.095,201.927,201.923,202.927,202.38500000000002,189.76500000000001
2017-08-01 00:00:00,191.192,191.465,192.73000000000002,194.34199999999998,195.92,196.26799999999997,196.46,198.87,199.85630319123527,197.89499999999998,201.71699999999998,201.893,202.75699999999998,202.395,189.705
2017-09-01 00:00:00,191.302,191.905,193.03,194.37199999999999,195.85,196.428,196.42,198.99,200.04242228131034,198.075,202.387,201.41299999999998,202.777,202.245,190.245
2017-10-01 00:00:00,191.27200000000002,192.31500000000003,193.11,195.182,196.51,196.32799999999997,196.66,199.76,200.45000000000002,198.915,202.917,202.44299999999998,203.237,203.60500000000002,190.745
2017-11-01 00:00:00,191.622,192.63500000000002,193.49,195.352,196.85999999999999,197.53799999999998,197.13,199.79,200.46,198.935,202.987,202.743,203.077,204.03500000000003,190.775
2017-12-01 00:00:00,191.49200000000002,192.215,193.86,195.412,197.2,197.128,196.73,199.4,200.71,198.965,202.567,202.72299999999998,203.797,204.03500000000003,190.965
2018-01-01 00:00:00,191.52200000000002,191.745,193.88000000000002,195.412,196.82,196.69799999999998,197.81,199.38,199.93,198.665,202.397,201.793,203.78699999999998,203.985,190.805
2018-02-01 00:00:00,191.302,192.22500000000002,193.07000000000002,195.192,196.56,197.38799999999998,197.59,199.39000000000001,200.05,198.715,202.46699999999998,202.533,203.90699999999998,204.00500000000002,190.385
2018-03-01 00:00:00,191.722,192.365,193.55,195.402,196.54999999999998,197.47799999999998,196.76999999999998,199.45000000000002,199.96,199.195,202.197,202.533,203.40699999999998,203.78500000000003,190.325
2018-04-01 00:00:00,191.65200000000002,192.495,193.76000000000002,195.312,196.69,197.658,196.87,199.53,199.96,198.565,202.647,201.543,203.337,203.835,189.635
2018-05-01 00:00:00,191.65200000000002,191.94500000000002,193.15,195.182,196.78,197.01799999999997,196.76,199.42000000000002,200.1188420651029,198.185,201.807,202.323,203.307,203.235,190.545
2018-06-01 00:00:00,191.302,191.685,192.87,194.59199999999998,196.2,196.75799999999998,196.9,199.23000000000002,200.01981865977965,198.155,201.957,202.19299999999998,203.987,202.655,190.125
2018-07-01 00:00:00,191.322,192.13500000000002,192.84,194.752,196.12,196.958,197.17,199.08,200.13671990734065,198.14499999999998,201.93699999999998,202.113,203.09699999999998,204.095,190.775
2018-08-01 00:00:00,191.202,192.305,193.86,194.572,196.29999999999998,197.07799999999997,197.35,199.4050528609367,200.0988517317557,198.665,201.507,202.053,203.137,203.35500000000002,190.625
2018-09-01 00:00:00,191.392,191.85500000000002,193.82000000000002,194.552,196.15,197.07799999999997,197.28,199.36,200.43,199.345,202.127,201.94299999999998,203.09699999999998,203.595,190.065
2018-10-01 00:00:00,191.692,192.53500000000003,194.09,195.412,196.64,197.678,196.75,199.89000000000001,200.57000000000002,199.39499999999998,202.837,202.483,203.397,203.745,190.965
2018-11-01 00:00:00,191.782,192.60500000000002,193.73000000000002,195.452,196.92,197.22799999999998,197.04,199.85,200.66000000000003,198.765,202.49699999999999,202.843,203.71699999999998,203.735,190.355
2018-12-01 00:00:00,191.46200000000002,191.905,194.08,195.102,196.76,197.41799999999998,196.85,199.63,200.24,199.36499999999998,202.147,203.653,203.69699999999997,203.935,190.305
2019-01-01 00:00:00,191.382,191.84500000000003,194.07000000000002,195.042,196.64,197.128,196.88,199.53,200.16000000000003,198.73499999999999,202.867,202.543,203.75699999999998,204.305,190.245
2019-02-01 00:00:00,191.21200000000002,192.07500000000002,193.12,195.102,196.59,197.458,197.03,199.65,200.21,198.815,202.637,202.22299999999998,203.587,204.35500000000002,189.585
2019-03-01 00:00:00,191.302,192.26500000000001,193.22,195.192,196.73,197.63799999999998,196.97,199.68,200.26000000000002,198.775,202.597,202.893,203.74699999999999,204.405,191.085
2019-04-01 00:00:00,192.132,192.38500000000002,193.43,195.172,196.43,197.54799999999997,196.88,199.82,200.3,198.695,202.74699999999999,202.493,203.577,203.81500000000003,190.595
2019-05-01 00:00:00,191.452,192.185,193.4,195.432,196.68,197.35799999999998,197.32,199.66,200.11,198.67499999999998,202.547,202.243,203.357,203.705,190.585
2019-06-01 00:00:00,191.572,191.935,193.9,194.84199999999998,196.28,196.60799999999998,196.96,199.48000000000002,200.18468191479352,198.295,202.137,201.993,203.19699999999997,203.04500000000002,190.675
2019-07-01 00:00:00,191.062,191.35500000000002,192.88000000000002,194.59199999999998,196.23,196.19799999999998,196.98,199.22,200.0132601363768,198.135,202.017,202.073,202.837,202.75500000000002,189.76500000000001
2019-08-01 00:00:00,191.2758697063362,191.66192355843697,191.43759401367896,194.59852374060193,196.18493708176496,196.44799999999998,196.68,198.97,200.01632034737258,198.23816221398377,201.91551990314522,202.053,203.03699999999998,203.10500000000002,190.07354966826534
2019-09-01 00:00:00,191.112,191.405,192.95000000000002,194.642,196.32,196.85799999999998,197.09,199.13,200.3,198.92499999999998,202.46699999999998,201.493,202.93699999999998,203.275,190.445
2019-10-01 00:00:00,191.68200000000002,192.32500000000002,193.42000000000002,195.12199999999999,196.45,197.088,197.14,199.88,200.49,199.075,202.647,201.093,203.207,203.555,190.3900675108845
2019-11-01 00:00:00,191.702,192.145,193.53,195.182,196.51999999999998,196.958,197.35,199.81,200.43,199.165,202.897,202.293,203.487,203.985,190.365
2019-12-01 00:00:00,191.282,192.175,193.77,195.222,196.45999999999998,197.118,197.32999999999998,199.73000000000002,200.46,199.195,202.93699999999998,202.123,203.457,203.97500000000002,190.325
2020-01-01 00:00:00,191.57555535647833,192.16432317149582,188.45321367538764,195.15879204067144,196.6235575929075,197.368,196.98,199.65,200.41000000000003,199.095,202.877,202.143,203.487,203.995,190.46876270429084
2020-02-01 00:00:00,191.46200000000002,192.435,194.33,195.402,196.51,197.54799999999997,197.29,199.62,200.41346428028083,198.93860154940222,202.64612325902692,202.093,203.677,204.175,190.305
2020-03-01 00:00:00,191.57265633838057,192.28368723525222,190.51730999640898,195.22857243235669,196.6535783568266,197.54799999999997,197.32999999999998,199.61,200.48683381326055,198.9840944221175,202.6937739332171,202.123,203.577,203.835,191.105
2020-04-01 00:00:00,191.062,191.38500000000002,193.96,194.692,196.22,197.54799999999997,197.26999999999998,199.65,200.33,198.825,202.337,202.21746275806817,203.25667202031673,203.647181000403,190.205
2020-05-01 00:00:00,191.4908378989433,192.08129820137077,191.43815395037268,195.01015905790086,196.44443836530232,197.06711885392014,197.20258570330503,199.50208449395586,200.27730063508153,198.65950252592737,202.33422767366676,202.30191174091289,203.00939873845977,203.50747509553702,190.39619618567608
2020-06-01 00:00:00,191.4908378989433,192.08129820137077,191.43815395037268,195.01015905790086,196.44443836530232,197.06711885392014,197.20258570330503,199.50208449395586,200.27730063508153,198.65950252592737,202.33422767366676,202.30191174091289,203.00939873845977,203.50747509553702,190.39619618567608
2020-07-01 00:00:00,191.4908378989433,192.08129820137077,191.43815395037268,195.01015905790086,196.44443836530232,197.06711885392014,197.20258570330503,199.50208449395586,200.27730063508153,198.65950252592737,202.33422767366676,202.30191174091289,203.00939873845977,203.50747509553702,190.39619618567608
2020-08-01 00:00:00,191.222,192.205,193.04000000000002,194.62199999999999,196.26,197.09799999999998,197.35999999999999,199.37,200.49,198.89499999999998,202.817,202.40636463604338,202.95925049898221,203.59509005977992,190.865
2020-09-01 00:00:00,191.972,192.625,193.96,195.3734270899546,196.72797366792028,197.128,197.07999999999998,199.88,200.57000000000002,198.98499999999999,202.897,202.063,203.117,203.10500000000002,190.565
2020-10-01 00:00:00,191.78807549910616,192.79500000000002,193.65,195.542,196.82,197.51799999999997,197.34,199.94,200.61,199.035,202.957,202.093,203.137,203.175,190.555
2020-11-01 00:00:00,191.64915019103654,192.30180413787116,188.40447462493194,195.37646035905183,196.68765116344733,197.488,197.57999999999998,199.83,200.64000000000001,198.995,203.037,202.353,203.707,204.335,190.64792762959317
2020-12-01 00:00:00,191.592,192.645,194.15,195.302,196.57,197.22799999999998,197.28,199.72,200.72000000000003,199.265,203.197,202.393,203.737,204.35500000000002,190.405
2021-01-01 00:00:00,191.59723487301838,192.126629183356,188.26957457215372,195.2625268676596,196.7014331262446,197.148,197.23,199.78,200.70000000000002,199.285,203.117,202.293,203.617,204.115,190.5698713413258
2021-02-01 00:00:00,191.802,192.09500000000003,194.15,195.352,196.6,197.34799999999998,197.48,199.65,200.84,199.325,203.097,202.113,203.577,204.01500000000001,190.305
2021-03-01 00:00:00,191.452,191.88500000000002,194.01000000000002,194.932,196.09,197.498,197.54999999999998,199.56,200.61,199.385,202.74699999999999,202.013,203.387,203.97500000000002,190.785
2021-04-01 00:00:00,191.71200000000002,191.735,193.95000000000002,194.702,195.92,197.248,197.51999999999998,199.6,200.9,198.625,202.617,202.023,203.457,203.875,190.355
2021-05-01 00:00:00,190.49200000000002,190.88500000000002,193.07000000000002,194.752,196.26,196.678,197.32999999999998,199.45000000000002,200.81,198.48499999999999,202.46699999999998,202.013,203.387,203.925,190.345
2021-06-01 00:00:00,191.46200000000002,191.935,192.97,195.052,196.22,196.718,197.13,199.72,200.19722541894964,198.355,202.15482188175238,201.91299999999998,203.107,203.925,189.755
2021-07-01 00:00:00,191.43200000000002,191.79500000000002,192.84,194.462,196.03,196.54792460195304,196.51,199.12,200.02710412808472,198.245,201.85026646211054,201.97299999999998,202.827,203.97500000000002,189.645
2021-08-01 00:00:00,191.4174693066638,191.79580053129698,188.59177395221172,194.68319148264882,196.31537409966043,196.82559891734275,197.0148832108337,199.36437979626047,200.20798291417705,198.845,201.807,201.393,202.62699999999998,203.895,190.12339026308166
2021-09-01 00:00:00,191.842,191.32500000000002,194.21,195.082,196.64,197.07799999999997,197.28,199.5,200.16000000000003,198.945,201.837,201.523,202.637,203.925,190.625
2021-10-01 00:00:00,191.53671631330388,191.9599378477421,189.28704369980915,194.9792162325277,196.47818807366195,197.148,197.32999999999998,199.82,200.29000000000002,198.89499999999998,201.887,202.013,203.237,203.85500000000002,190.3430502702635
2021-11-01 00:00:00,191.692,191.97500000000002,193.60000000000002,195.272,196.85999999999999,196.72799999999998,197.25,199.71,200.36609256681385,198.87423219998658,202.51279065195226,202.033,203.50699999999998,203.925,190.085
2021-12-01 00:00:00,191.46200000000002,191.905,194.08,195.102,196.76,197.1441365240347,197.07378867301043,199.67672890150826,200.60000000000002,198.815,202.597,202.013,203.577,203.955,190.305
2022-01-01 00:00:00,191.372,191.835,194.05,195.032,196.69,197.10799999999998,196.68,199.77,200.49,198.565,202.347,201.94299999999998,203.427,204.10500000000002,190.235
2022-02-01 00:00:00,191.21200000000002,191.88500000000002,193.96,194.84199999999998,196.23,197.148,196.5,199.81,200.43,198.505,202.227,202.013,203.527,203.935,190.125
2022-03-01 00:00:00,191.99200000000002,191.88500000000002,194.05,194.732,196.22,197.07799999999997,196.57999999999998,199.39000000000001,200.36,198.415,201.977,201.97299999999998,203.49699999999999,203.91500000000002,190.135
2022-04-01 00:00:00,191.662,191.895,194.06,195.022,196.79999999999998,196.38799999999998,196.65,199.44,200.19000000000003,198.345,201.757,201.933,203.457,203.88500000000002,190.125
2022-05-01 00:00:00,191.27200000000002,192.085,194.09,194.752,196.14,196.19799999999998,196.65,199.22,200.08082561635715,198.31754972014645,202.04782302542705,201.69299999999998,202.857,203.895,189.925
2022-06-01 00:00:00,191.362,192.085,192.75,194.752,196.14,196.59315148034094,196.76710107277498,199.1670522445964,199.93826815313795,197.885,201.647,201.713,202.777,204.03500000000003,189.475
2022-07-01 00:00:00,191.142,191.485,192.72,194.152,195.81,196.06799999999998,196.41,199.01,199.85164022944002,197.825,201.577,201.47299999999998,202.50699999999998,203.875,189.115
2022-08-01 00:00:00,191.172,191.51500000000001,192.98000000000002,194.022,195.9,195.628,196.46,198.89000000000001,199.75436862162786,197.685,201.137,201.463,202.49699999999999,203.845,189.505
2022-09-01 00:00:00,191.4157855654371,192.00379117217594,188.89913307269939,194.71717579572112,196.3425515628643,197.07799999999997,196.51999999999998,199.07,200.11,198.815,202.447,201.47299999999998,202.517,203.875,190.14496605617194
2022-10-01 00:00:00,192.142,192.38500000000002,193.43,195.112,196.92,197.118,197.28,200.06,200.46,198.765,202.287,201.793,203.327,203.995,190.405
2022-11-01 00:00:00,191.53716310242666,191.87732266431408,189.06456600726995,194.9711535921312,196.47634735212242,197.1312886692592,197.0929444343214,199.64568983561463,200.93,198.885,202.24699999999999,201.833,203.357,204.025,190.37064657997664
2022-12-01 00:00:00,191.49710021876172,192.0578798438396,187.6545552684796,194.99132839945918,196.49890422453876,197.07799999999997,197.01999999999998,199.52,200.11,198.815,202.647,201.853,203.397,204.055,190.31919905670034
2023-01-01 00:00:00,191.562,191.28500000000003,-104.22999999999999,194.852,197.22,197.19799999999998,197.18,199.57,200.05,198.845,202.567,201.893,203.43699999999998,204.10500000000002,190.005
2023-02-01 00:00:00,191.65200000000002,191.82500000000002,193.34,194.942,197.09,197.058,197.31,200.15,200.21,200.005,202.547,201.923,203.47699999999998,204.13500000000002,190.045
2023-03-01 00:00:00,192.042,192.28500000000003,193.29000000000002,195.12199999999999,196.43,197.09799999999998,197.13,199.62,200.39000000000001,198.815,202.647,201.843,203.397,204.055,190.905
2023-04-01 00:00:00,192.112,192.485,193.01000000000002,195.172,196.62,197.588,196.96,199.70000000000002,200.31,198.795,202.507,201.833,203.37699999999998,204.03500000000003,190.985
2023-05-01 00:00:00,191.332,191.63500000000002,192.87,194.752,196.20999999999998,197.09799999999998,196.67,199.51,200.3,199.14499999999998,202.117,202.13232807419456,203.30937192027233,203.8657592909443,190.005
2023-06-01 00:00:00,191.872,191.29500000000002,193.03,194.352,196.14,196.558,196.45,199.12,200.15124416636627,198.385,202.207,201.813,202.857,203.85500000000002,189.545
2023-07-01 00:00:00,191.282,191.875,193.3,194.042,196.01999999999998,196.56799999999998,196.68,199.97,200.2166747633457,198.36499999999998,202.15699999999998,202.093,202.577,204.245,190.175
2023-08-01 00:00:00,191.842,191.32500000000002,194.21,194.882,196.64,196.81126162984614,197.0985569355056,199.41704248332636,200.2561298996376,198.325,202.097,202.19037850352848,203.09459993064644,203.39606096353054,190.625
2023-09-01 00:00:00,191.43918443715023,191.93667672581623,189.71786319223213,194.9366217280456,196.42519928913475,197.028,196.98,199.17000000000002,200.4,198.89499999999998,202.49699999999999,202.323,203.1813600501825,203.925,190.34525150154508
2023-10-01 00:00:00,191.7212887339648,192.39412426362372,190.29083839673638,195.35584043717247,196.6907965072516,197.72799999999998,197.32999999999998,200.15,200.43,198.995,202.547,202.733,203.557,204.085,190.63240741658734
2023-11-01 00:00:00,191.132,192.19500000000002,193.89000000000001,194.822,196.39,197.72799999999998,197.23,199.97,200.46,199.025,202.707,203.243,203.68699999999998,204.405,190.665
2023-12-01 00:00:00,191.6540351347482,192.36555084535394,191.45789553173807,195.4046817329996,196.64026417865225,197.54799999999997,197.64,199.79,200.41000000000003,198.95499999999998,202.65699999999998,203.423,203.577,204.19500000000002,190.7135768177342
2024-01-01 00:00:00,191.122,192.13500000000002,193.86,194.762,196.35,197.66799999999998,196.91,199.78,200.35000000000002,198.905,202.68699999999998,203.41299999999998,203.56699999999998,203.97500000000002,190.575
2024-02-01 00:00:00,191.542,192.13500000000002,193.98000000000002,195.152,195.92,197.44799999999998,196.78,199.82,200.32000000000002,198.885,202.477,203.233,203.46699999999998,204.095,190.715
2024-03-01 00:00:00,191.49200000000002,192.175,194.07000000000002,195.222,196.72,197.248,197.23,199.62,200.44000000000003,198.775,202.647,203.063,203.03699999999998,203.995,190.805
2024-04-01 00:00:00,191.862,192.375,193.31,194.802,196.82,197.72799999999998,197.06,199.82,200.35000000000002,198.8967736764973,202.337,203.243,203.327,204.00500000000002,190.585
